Position,Const,Created,Modified,Description,Title,Original Title,URL,Title Type,IMDb Rating,Runtime (mins),Year,Genres,Num Votes,Release Date,Directors,Your Rating,Date Rated
1,tt1521197,2012-02-07,2012-02-07,,"Anonimus","Anonymous",https://www.imdb.com/title/tt1521197/,Movie,6.8,130,2011,"Drama, Thriller",42930,2011-11-10,"Roland Emmerich",,
2,tt0106856,2012-02-07,2012-02-07,,"Upadek","Falling Down",https://www.imdb.com/title/tt0106856/,Movie,7.6,113,1993,"Crime, Drama, Thriller",220875,1993-12-27,"Joel Schumacher",,
3,tt0315733,2012-02-07,2012-02-07,,"21 gramów","21 Grams",https://www.imdb.com/title/tt0315733/,Movie,7.6,124,2003,"Crime, Drama, Thriller",251262,2004-03-12,"Alejandro G. Iñárritu",,
4,tt0047396,2012-02-07,2012-02-07,,"Okno na podwórze","Rear Window",https://www.imdb.com/title/tt0047396/,Movie,8.5,112,1954,"Drama, Mystery, Thriller",555647,1954-09-01,"Alfred Hitchcock",,
5,tt0317248,2012-02-07,2012-02-07,,"Miasto Boga","Cidade de Deus",https://www.imdb.com/title/tt0317248/,Movie,8.6,130,2002,"Crime, Drama",850800,2004-01-09,"Fernando Meirelles, Kátia Lund",,
6,tt0040746,2012-02-07,2012-02-07,,"Sznur","Rope",https://www.imdb.com/title/tt0040746/,Movie,7.9,80,1948,"Crime, Drama, Mystery, Thriller",162369,1948-09-25,"Alfred Hitchcock",,
7,tt1216487,2012-02-07,2012-02-07,,"Millennium: Dziewczyna, która igrala z ogniem","Flickan som lekte med elden",https://www.imdb.com/title/tt1216487/,Movie,7.1,129,2009,"Action, Crime, Drama, Mystery, Thriller",100811,2009-09-18,"Daniel Alfredson",,
8,tt0353969,2012-02-07,2012-02-07,,"Zagadka zbrodni","Salinui chueok",https://www.imdb.com/title/tt0353969/,Movie,8.1,131,2003,"Crime, Drama, Mystery, Thriller",252492,2003-05-02,"Bong Joon Ho",,
9,tt1220719,2012-02-07,2012-02-07,,"Ip Man","Ip Man",https://www.imdb.com/title/tt1220719/,Movie,8.0,106,2008,"Action, Biography, Drama, War",240494,2008-12-12,"Wilson Yip",,
10,tt0465538,2012-02-07,2012-02-07,,"Michael Clayton","Michael Clayton",https://www.imdb.com/title/tt0465538/,Movie,7.2,119,2007,"Crime, Drama, Mystery, Thriller",181095,2007-11-23,"Tony Gilroy",,
11,tt0138704,2012-02-07,2012-02-07,,"Pi","Pi",https://www.imdb.com/title/tt0138704/,Movie,7.3,84,1998,"Drama, Horror, Mystery, Sci-Fi, Thriller",190901,2000-02-25,"Darren Aronofsky",,
12,tt1057500,2012-02-07,2012-02-07,,"Invictus - Niepokonany","Invictus",https://www.imdb.com/title/tt1057500/,Movie,7.3,134,2009,"Biography, Drama, History, Sport",172487,2009-12-11,"Clint Eastwood",,
13,tt0099674,2012-02-07,2012-02-07,,"Ojciec chrzestny III","The Godfather Part III",https://www.imdb.com/title/tt0099674/,Movie,7.6,162,1990,"Crime, Drama",445308,1990-12-31,"Francis Ford Coppola",,
14,tt1010048,2012-02-07,2012-02-07,,"Slumdog. Milioner z ulicy","Slumdog Millionaire",https://www.imdb.com/title/tt1010048/,Movie,8.0,120,2008,"Crime, Drama, Romance",900912,2009-02-27,"Danny Boyle, Loveleen Tandan",,
15,tt0388980,2012-02-07,2012-02-07,,"Najwspanialsza gra w dziejach","The Greatest Game Ever Played",https://www.imdb.com/title/tt0388980/,Movie,7.4,120,2005,"Biography, Drama, Sport",35396,2005-09-30,"Bill Paxton",,
16,tt0311113,2012-02-07,2012-02-07,,"Pan i władca: Na krańcu świata","Master and Commander: The Far Side of the World",https://www.imdb.com/title/tt0311113/,Movie,7.5,138,2003,"Action, Adventure, Drama, War",250177,2003-11-28,"Peter Weir",,
17,tt1033575,2012-02-07,2012-02-07,,"Spadkobiercy","The Descendants",https://www.imdb.com/title/tt1033575/,Movie,7.3,115,2011,"Comedy, Drama",257583,2012-02-17,"Alexander Payne",,
18,tt0117731,2012-02-07,2012-02-07,,"Star Trek: Pierwszy kontakt","Star Trek: First Contact",https://www.imdb.com/title/tt0117731/,Movie,7.6,111,1996,"Action, Adventure, Drama, Sci-Fi, Thriller",136167,1996-11-22,"Jonathan Frakes",,
19,tt0472043,2012-02-09,2012-02-09,,"Apocalypto","Apocalypto",https://www.imdb.com/title/tt0472043/,Movie,7.8,139,2006,"Action, Adventure, Drama, Thriller",349810,2006-12-29,"Mel Gibson",,
20,tt0047478,2012-02-09,2012-02-09,,"Siedmiu samurajów","Shichinin no samurai",https://www.imdb.com/title/tt0047478/,Movie,8.6,207,1954,"Action, Drama",391258,1954-04-26,"Akira Kurosawa",,
21,tt1034303,2012-02-09,2012-02-09,,"Opór","Defiance",https://www.imdb.com/title/tt1034303/,Movie,7.1,137,2008,"Action, Drama, History, Thriller, War",159588,2009-01-23,"Edward Zwick",,
22,tt1306980,2012-02-09,2012-02-09,,"Pół na pół","50/50",https://www.imdb.com/title/tt1306980/,Movie,7.6,100,2011,"Comedy, Drama, Romance",349597,2011-09-30,"Jonathan Levine",,
23,tt0477080,2012-02-09,2012-02-09,,"Niepowstrzymany","Unstoppable",https://www.imdb.com/title/tt0477080/,Movie,6.8,98,2010,"Action, Thriller",215701,2010-11-10,"Tony Scott",,
24,tt0402910,2012-02-09,2012-02-09,,"Teoria chaosu","Chaos",https://www.imdb.com/title/tt0402910/,Movie,6.4,106,2005,"Action, Crime, Drama, Thriller",59869,2006-09-15,"Tony Giglio",,
25,tt0450232,2012-02-09,2012-02-09,,"16 przecznic","16 Blocks",https://www.imdb.com/title/tt0450232/,Movie,6.6,102,2006,"Action, Drama, Thriller",137406,2006-08-11,"Richard Donner",,
26,tt0057012,2012-02-09,2012-02-09,,"Dr Strangelove, czyli jak przestałem się martwić i pokochałem bombę","Dr. Strangelove or: How I Learned to Stop Worrying and Love the Bomb",https://www.imdb.com/title/tt0057012/,Movie,8.3,95,1964,"Comedy, War",543931,1964-01-29,"Stanley Kubrick",,
27,tt1095217,2012-02-09,2012-02-09,,"Zły porucznik","The Bad Lieutenant: Port of Call - New Orleans",https://www.imdb.com/title/tt1095217/,Movie,6.6,122,2009,"Crime, Drama, Mystery",83681,2010-08-13,"Werner Herzog",,
28,tt0120787,2012-02-09,2012-02-09,,"Morderstwo doskonałe","A Perfect Murder",https://www.imdb.com/title/tt0120787/,Movie,6.6,107,1998,"Crime, Drama, Thriller",96717,1998-11-27,"Andrew Davis",,
29,tt0084726,2012-02-09,2012-02-09,,"Star Trek II: Gniew Khana","Star Trek II: The Wrath of Khan",https://www.imdb.com/title/tt0084726/,Movie,7.7,113,1982,"Action, Adventure, Sci-Fi",133912,1982-06-04,"Nicholas Meyer",,
30,tt0106519,2012-02-09,2012-02-09,,"Życie Carlita","Carlito's Way",https://www.imdb.com/title/tt0106519/,Movie,7.9,144,1993,"Crime, Drama, Thriller",243325,1994-06-24,"Brian De Palma",,
31,tt1020558,2012-02-09,2012-02-09,,"Centurion","Centurion",https://www.imdb.com/title/tt1020558/,Movie,6.3,97,2010,"Action, Drama, History, War",88746,2010-12-25,"Neil Marshall",,
32,tt0253474,2012-02-16,2012-02-16,,"Pianista","The Pianist",https://www.imdb.com/title/tt0253474/,Movie,8.5,150,2002,"Biography, Drama, Music, War",985930,2002-09-25,"Roman Polanski",,
33,tt0180093,2012-02-16,2012-02-16,,"Requiem dla snu","Requiem for a Dream",https://www.imdb.com/title/tt0180093/,Movie,8.3,102,2000,"Drama",953149,2001-03-16,"Darren Aronofsky",,
34,tt0034583,2012-02-16,2012-02-16,,"Casablanca","Casablanca",https://www.imdb.com/title/tt0034583/,Movie,8.5,102,1942,"Drama, Romance, War",641100,1947-07-10,"Michael Curtiz",,
35,tt0206634,2012-02-16,2012-02-16,,"Ludzkie dzieci","Children of Men",https://www.imdb.com/title/tt0206634/,Movie,7.9,109,2006,"Drama, Sci-Fi, Thriller",555564,2006-10-27,"Alfonso Cuarón",,
36,tt0033467,2012-02-16,2012-02-16,,"Obywatel Kane","Citizen Kane",https://www.imdb.com/title/tt0033467/,Movie,8.2,119,1941,"Drama, Mystery",486856,1949,"Orson Welles",,
37,tt0099487,2012-02-16,2012-02-16,,"Edward Nożycoręki","Edward Scissorhands",https://www.imdb.com/title/tt0099487/,Movie,7.8,105,1990,"Drama, Fantasy, Romance",553241,1990-12-14,"Tim Burton",,
38,tt0091763,2012-02-16,2012-02-16,,"Pluton","Platoon",https://www.imdb.com/title/tt0091763/,Movie,8.1,120,1986,"Drama, War",462784,1989-06-02,"Oliver Stone",,
39,tt0190332,2012-02-16,2012-02-16,,"Przyczajony tygrys, ukryty smok","Wo hu cang long",https://www.imdb.com/title/tt0190332/,Movie,7.9,120,2000,"Action, Adventure, Drama, Fantasy, Romance",290738,2001-03-09,"Ang Lee",,
40,tt1014759,2012-02-16,2012-02-16,,"Alicja w Krainie Czarów","Alice in Wonderland",https://www.imdb.com/title/tt1014759/,Movie,6.4,108,2010,"Adventure, Family, Fantasy, Mystery",460563,2010-03-05,"Tim Burton",,
41,tt0338751,2012-02-16,2012-02-16,,"Aviator","The Aviator",https://www.imdb.com/title/tt0338751/,Movie,7.5,170,2004,"Biography, Drama",399536,2005-02-18,"Martin Scorsese",,
42,tt0084787,2012-02-16,2012-02-16,,"Coś","The Thing",https://www.imdb.com/title/tt0084787/,Movie,8.2,109,1982,"Horror, Mystery, Sci-Fi",509534,1982-06-25,"John Carpenter",,
43,tt0298130,2012-02-16,2012-02-16,,"The Ring","The Ring",https://www.imdb.com/title/tt0298130/,Movie,7.1,115,2002,"Horror, Mystery",394714,2002-11-15,"Gore Verbinski",,
44,tt0363163,2012-02-16,2012-02-16,,"Upadek","Der Untergang",https://www.imdb.com/title/tt0363163/,Movie,8.2,156,2004,"Biography, Drama, History, War",393545,2004-11-05,"Oliver Hirschbiegel",,
45,tt0486655,2012-02-16,2012-02-16,,"Gwiezdny pył","Stardust",https://www.imdb.com/title/tt0486655/,Movie,7.6,127,2007,"Adventure, Fantasy, Romance",294942,2007-10-12,"Matthew Vaughn",,
46,tt0405094,2012-02-16,2012-02-16,,"Życie na podsłuchu","Das Leben der Anderen",https://www.imdb.com/title/tt0405094/,Movie,8.4,137,2006,"Drama, Mystery, Thriller",433282,2007-01-26,"Florian Henckel von Donnersmarck",,
47,tt0335345,2012-02-16,2012-02-16,,"Pasja","The Passion of the Christ",https://www.imdb.com/title/tt0335345/,Movie,7.3,127,2004,"Drama",266143,2004-03-05,"Mel Gibson",,
48,tt0486822,2012-02-16,2012-02-16,,"Niepokój","Disturbia",https://www.imdb.com/title/tt0486822/,Movie,6.8,105,2007,"Crime, Drama, Mystery, Thriller",269643,2007-09-14,"D.J. Caruso",,
49,tt0289765,2012-02-16,2012-02-16,,"Czerwony smok","Red Dragon",https://www.imdb.com/title/tt0289765/,Movie,7.2,124,2002,"Crime, Drama, Thriller",306472,2002-10-25,"Brett Ratner",,
50,tt0299977,2012-02-16,2012-02-16,,"Hero","Ying xiong",https://www.imdb.com/title/tt0299977/,Movie,7.9,107,2002,"Action, Adventure, Drama",192049,2003-09-05,"Yimou Zhang",,
51,tt1179904,2012-02-16,2012-02-16,,"Paranormal Activity","Paranormal Activity",https://www.imdb.com/title/tt1179904/,Movie,6.3,86,2007,"Horror, Mystery",267938,2009-11-20,"Oren Peli",,
52,tt0310793,2012-02-16,2012-02-16,,"Zabawy z bronią","Bowling for Columbine",https://www.imdb.com/title/tt0310793/,Movie,8.0,120,2002,"Documentary, Crime, Drama",151483,2003-09-12,"Michael Moore",,
53,tt0385004,2012-02-17,2012-02-17,,"Dom latających sztyletów","Shi mian mai fu",https://www.imdb.com/title/tt0385004/,Movie,7.5,119,2004,"Action, Adventure, Drama, Romance",118715,2005-04-15,"Yimou Zhang",,
54,tt0386032,2012-02-17,2012-02-17,,"Chorować w USA","Sicko",https://www.imdb.com/title/tt0386032/,Movie,8.0,123,2007,"Documentary, Drama",77956,2007-07-03,"Michael Moore",,
55,tt0467200,2012-02-19,2012-02-19,,"Kochanice króla","The Other Boleyn Girl",https://www.imdb.com/title/tt0467200/,Movie,6.7,115,2008,"Biography, Drama, History, Romance",125422,2008-06-06,"Justin Chadwick",,
56,tt1286537,2012-02-19,2012-02-19,,"Korporacyjna żywność","Food, Inc.",https://www.imdb.com/title/tt1286537/,Movie,7.8,94,2008,"Documentary, News",52983,2009-07-31,"Robert Kenner",,
57,tt0443272,2012-02-19,2012-02-19,,"Lincoln","Lincoln",https://www.imdb.com/title/tt0443272/,Movie,7.3,150,2012,"Biography, Drama, History, War",281339,2013-02-01,"Steven Spielberg",,
58,tt1482455,2012-03-06,2012-03-06,,"Mass Effect","Mass Effect",https://www.imdb.com/title/tt1482455/,Movie,,,,"Action, Adventure, Sci-Fi, War",0,,,,
59,tt1615065,2012-05-27,2012-05-27,,"Savages: ponad bezprawiem","Savages",https://www.imdb.com/title/tt1615065/,Movie,6.4,131,2012,"Crime, Drama, Thriller",137630,2012-09-28,"Oliver Stone",,
60,tt0084352,2012-05-30,2012-05-30,,"Monty Python w Hollywood","Monty Python Live at the Hollywood Bowl",https://www.imdb.com/title/tt0084352/,Movie,7.8,81,1982,"Documentary, Comedy, Musical",16214,1982-06-25,"Terry Hughes, Ian MacNaughton",,
61,tt0073486,2012-07-23,2012-07-23,,"Lot nad kukułczym gniazdem","One Flew Over the Cuckoo's Nest",https://www.imdb.com/title/tt0073486/,Movie,8.7,133,1975,"Drama",1133195,1979-10-01,"Milos Forman",,
62,tt0107818,2012-07-23,2012-07-23,,"Filadelfia","Philadelphia",https://www.imdb.com/title/tt0107818/,Movie,7.7,125,1993,"Drama",269540,1994-04-29,"Jonathan Demme",,
63,tt0427309,2012-07-28,2012-07-28,,"Klub dyskusyjny","The Great Debaters",https://www.imdb.com/title/tt0427309/,Movie,7.5,126,2007,"Biography, Drama, Romance",65625,2007-12-25,"Denzel Washington",,
64,tt0498399,2012-07-29,2012-07-29,,"Królowie nocy","We Own the Night",https://www.imdb.com/title/tt0498399/,Movie,6.8,117,2007,"Crime, Drama, Thriller",95611,2008-02-08,"James Gray",,
65,tt0120681,2012-07-31,2012-07-31,,"Z piekła rodem","From Hell",https://www.imdb.com/title/tt0120681/,Movie,6.7,122,2001,"Crime, Horror, Mystery, Thriller",169824,2002-03-15,"Albert Hughes, Allen Hughes",,
66,tt0365748,2012-07-31,2012-07-31,,"Wysyp żywych trupów","Shaun of the Dead",https://www.imdb.com/title/tt0365748/,Movie,7.8,99,2004,"Comedy, Horror",627801,2004-10-29,"Edgar Wright",,
67,tt1971352,2012-07-31,2012-07-31,,"Siła perswazji","Compliance",https://www.imdb.com/title/tt1971352/,Movie,6.4,90,2012,"Crime, Drama, Thriller",39934,2012-09-26,"Craig Zobel",,
68,tt1687901,2012-07-31,2012-07-31,,"Szepty","The Awakening",https://www.imdb.com/title/tt1687901/,Movie,6.5,102,2011,"Drama, Horror, Mystery, Thriller",71204,2012-06-15,"Nick Murphy",,
69,tt1235166,2012-08-01,2012-08-01,,"Prorok","Un prophète",https://www.imdb.com/title/tt1235166/,Movie,7.8,155,2009,"Crime, Drama",106111,2010-05-21,"Jacques Audiard",,
70,tt0140352,2012-08-01,2012-08-01,,"Informator","The Insider",https://www.imdb.com/title/tt0140352/,Movie,7.8,157,1999,"Biography, Drama, History, Thriller",188960,2000-03-03,"Michael Mann",,
71,tt0278504,2012-08-04,2012-08-04,,"Bezsenność","Insomnia",https://www.imdb.com/title/tt0278504/,Movie,7.2,118,2002,"Drama, Mystery, Thriller",334780,2003-01-17,"Christopher Nolan",,
72,tt1586752,2012-08-04,2012-08-04,,"Kaznodzieja z karabinem","Machine Gun Preacher",https://www.imdb.com/title/tt1586752/,Movie,6.7,129,2011,"Action, Biography, Crime, Drama",70660,2011-12-09,"Marc Forster",,
73,tt0433035,2012-08-04,2012-08-04,,"Giganci ze stali","Real Steel",https://www.imdb.com/title/tt0433035/,Movie,7.1,127,2011,"Action, Drama, Sci-Fi, Sport",374735,2011-10-14,"Shawn Levy",,
74,tt0968747,2012-08-04,2012-08-04,,"Kane & Lynch","Kane & Lynch",https://www.imdb.com/title/tt0968747/,Movie,,,,"Action, Crime, Drama, Thriller",0,,,,
75,tt0443680,2012-08-11,2012-08-11,,"Zabójstwo Jesse'ego Jamesa przez tchórzliwego Roberta Forda","The Assassination of Jesse James by the Coward Robert Ford",https://www.imdb.com/title/tt0443680/,Movie,7.5,160,2007,"Biography, Crime, Drama, History, Western",200673,2007-12-14,"Andrew Dominik",,
76,tt0485947,2012-08-14,2012-08-14,,"Mr. Nobody","Mr. Nobody",https://www.imdb.com/title/tt0485947/,Movie,7.7,141,2009,"Drama, Fantasy, Romance, Sci-Fi",254430,2010-12-25,"Jaco Van Dormael",,
77,tt1410063,2012-08-14,2012-08-14,,"Kwiaty wojny","Jin ling shi san chai",https://www.imdb.com/title/tt1410063/,Movie,7.5,146,2011,"Drama, History, Romance, War",57640,2011-12-16,"Yimou Zhang",,
78,tt0892255,2012-08-20,2012-08-20,,"Che - Rewolucja","Che: Part One",https://www.imdb.com/title/tt0892255/,Movie,7.1,134,2008,"Biography, Drama, History, War",49281,2009-04-03,"Steven Soderbergh",,
79,tt0986233,2012-08-20,2012-08-20,,"Głód","Hunger",https://www.imdb.com/title/tt0986233/,Movie,7.5,96,2008,"Biography, Crime, Drama, Thriller",75788,2010-01-08,"Steve McQueen",,
80,tt0325805,2012-08-20,2012-08-20,,"Naciągacze","Matchstick Men",https://www.imdb.com/title/tt0325805/,Movie,7.3,116,2003,"Comedy, Crime, Drama, Thriller",143526,2003-10-24,"Ridley Scott",,
81,tt0395169,2012-08-20,2012-08-20,,"Hotel Ruanda","Hotel Rwanda",https://www.imdb.com/title/tt0395169/,Movie,8.1,121,2004,"Biography, Drama, History, War",387314,2005-11-04,"Terry George",,
82,tt0385002,2012-08-20,2012-08-20,,"Hooligans","Green Street",https://www.imdb.com/title/tt0385002/,Movie,7.4,109,2005,"Crime, Drama, Sport, War",168483,2006-01-06,"Lexi Alexander",,
83,tt0498380,2012-08-20,2012-08-20,,"Listy z Iwo Jimy","Letters from Iwo Jima",https://www.imdb.com/title/tt0498380/,Movie,7.8,141,2006,"Action, Adventure, Drama, History, War",175140,2007-03-09,"Clint Eastwood",,
84,tt0454921,2012-08-20,2012-08-20,,"W pogoni za szczęściem","The Pursuit of Happyness",https://www.imdb.com/title/tt0454921/,Movie,8.0,117,2006,"Biography, Drama",603400,2007-02-09,"Gabriele Muccino",,
85,tt1078188,2012-08-20,2012-08-20,,"Chłopiec A","Boy A",https://www.imdb.com/title/tt1078188/,Movie,7.5,106,2007,"Drama",39820,2008-09-04,"John Crowley",,
86,tt0421082,2012-08-20,2012-08-20,,"Control","Control",https://www.imdb.com/title/tt0421082/,Movie,7.6,122,2007,"Biography, Drama, Music",70778,2008-03-07,"Anton Corbijn",,
87,tt1172570,2012-08-20,2012-08-20,,"Bronson","Bronson",https://www.imdb.com/title/tt1172570/,Movie,7.0,92,2008,"Action, Crime, Drama",146686,2009-03-13,"Nicolas Winding Refn",,
88,tt0374569,2012-08-20,2012-08-20,,"Che - Boliwia","Che: Part Two",https://www.imdb.com/title/tt0374569/,Movie,6.8,135,2008,"Biography, Drama, History, War",36059,2009-01-24,"Steven Soderbergh",,
89,tt0441773,2012-08-20,2012-08-20,,"Kung Fu Panda","Kung Fu Panda",https://www.imdb.com/title/tt0441773/,Movie,7.6,92,2008,"Animation, Action, Adventure, Comedy, Family, Fantasy",561991,2008-07-04,"Mark Osborne, John Stevenson",,
90,tt1013753,2012-08-20,2012-08-20,,"Obywatel Milk","Milk",https://www.imdb.com/title/tt1013753/,Movie,7.5,128,2008,"Biography, Drama, History",184209,2009-01-23,"Gus Van Sant",,
91,tt1465522,2012-08-20,2012-08-20,,"Porąbani","Tucker and Dale vs Evil",https://www.imdb.com/title/tt1465522/,Movie,7.5,89,2010,"Comedy, Horror",205027,2010-12-09,"Eli Craig",,
92,tt1403865,2012-08-20,2012-08-20,,"Prawdziwe męstwo","True Grit",https://www.imdb.com/title/tt1403865/,Movie,7.6,110,2010,"Drama, Western",370650,2011-02-11,"Ethan Coen, Joel Coen",,
93,tt0108550,2012-09-01,2012-09-01,,"Co gryzie Gilberta Grape?","What's Eating Gilbert Grape",https://www.imdb.com/title/tt0108550/,Movie,7.7,118,1993,"Drama",264845,1994-06-10,"Lasse Hallström",,
94,tt1736341,2012-09-13,2012-09-13,,"Prawdziwa historia rodu Borgiów","Borgia",https://www.imdb.com/title/tt1736341/,TV Series,7.7,52,2011,"Biography, Drama, History",7614,2015-07-01,,,
95,tt0979432,2012-09-13,2012-09-13,,"Zakazane imperium","Boardwalk Empire",https://www.imdb.com/title/tt0979432/,TV Series,8.6,60,2010,"Crime, Drama",214083,2010-09-19,,,
96,tt1235099,2012-09-29,2012-09-29,,"Magia kłamstwa","Lie to Me",https://www.imdb.com/title/tt1235099/,TV Series,8.0,43,2009,"Crime, Drama, Mystery, Thriller",133211,2009-01-21,,,
97,tt0804503,2012-09-30,2012-09-30,,"Mad Men","Mad Men",https://www.imdb.com/title/tt0804503/,TV Series,8.7,45,2007,"Drama",280300,2007-07-19,,,
98,tt0904208,2012-09-30,2012-09-30,,"Californication","Californication",https://www.imdb.com/title/tt0904208/,TV Series,8.3,30,2007,"Comedy, Drama",193305,2007-11-06,,,
99,tt0975645,2012-10-12,2012-10-12,,"Hitchcock","Hitchcock",https://www.imdb.com/title/tt0975645/,Movie,6.8,98,2012,"Biography, Drama, Romance",82628,2013-03-01,"Sacha Gervasi",,
100,tt1371111,2012-11-10,2012-11-10,,"Atlas chmur","Cloud Atlas",https://www.imdb.com/title/tt1371111/,Movie,7.4,172,2012,"Drama, Mystery, Sci-Fi, Thriller",383317,2012-11-23,"Tom Tykwer, Lana Wachowski, Lilly Wachowski",,
101,tt0117318,2012-11-25,2012-11-25,,"Skandalista Larry Flynt","The People vs. Larry Flynt",https://www.imdb.com/title/tt0117318/,Movie,7.3,130,1996,"Biography, Drama",104363,1997-02-28,"Milos Forman",,
102,tt0472399,2012-11-25,2012-11-25,,"Mechanik: Prawo zemsty","The Mechanic",https://www.imdb.com/title/tt0472399/,Movie,6.5,93,2011,"Action, Crime, Thriller",180310,2011-01-28,"Simon West",,
103,tt1637688,2012-11-26,2012-11-26,,"Wyścig z czasem","In Time",https://www.imdb.com/title/tt1637688/,Movie,6.7,109,2011,"Action, Sci-Fi, Thriller",474232,2011-12-02,"Andrew Niccol",,
104,tt0116282,2012-11-26,2012-11-26,,"Fargo","Fargo",https://www.imdb.com/title/tt0116282/,Movie,8.1,98,1996,"Crime, Drama, Thriller",766562,1996-11-15,"Joel Coen, Ethan Coen",,
105,tt1210819,2012-11-28,2012-11-28,,"Jeździec znikąd","The Lone Ranger",https://www.imdb.com/title/tt1210819/,Movie,6.4,150,2013,"Action, Adventure, Drama, Western",250433,2013-07-19,"Gore Verbinski",,
106,tt1547234,2012-12-28,2012-12-28,,"Bez hamulców","Premium Rush",https://www.imdb.com/title/tt1547234/,Movie,6.5,91,2012,"Action, Thriller",121229,2012-08-24,"David Koepp",,
107,tt1258197,2013-01-16,2013-01-16,,"Egzamin","Exam",https://www.imdb.com/title/tt1258197/,Movie,6.7,101,2009,"Crime, Mystery, Thriller",132583,2010-06-17,"Stuart Hazeldine",,
108,tt1411250,2013-01-25,2013-01-25,,"Riddick","Riddick",https://www.imdb.com/title/tt1411250/,Movie,6.4,119,2013,"Action, Adventure, Sci-Fi, Thriller",184198,2013-09-06,"David Twohy",,
109,tt2053463,2013-02-16,2013-02-16,,"Panaceum","Side Effects",https://www.imdb.com/title/tt2053463/,Movie,7.1,106,2013,"Crime, Drama, Mystery, Thriller",202822,2013-04-19,"Steven Soderbergh",,
110,tt0393109,2013-02-25,2013-02-25,,"Kto ją zabił?","Brick",https://www.imdb.com/title/tt0393109/,Movie,7.1,110,2005,"Crime, Drama, Mystery, Thriller",112980,2006-04-14,"Rian Johnson",,
111,tt1905041,2013-03-04,2013-03-04,,"Szybcy i wściekli 6","Furious 6",https://www.imdb.com/title/tt1905041/,Movie,7.0,130,2013,"Action, Thriller",433367,2013-05-24,"Justin Lin",,
112,tt2302755,2013-03-04,2013-03-04,,"Olimp w ogniu","Olympus Has Fallen",https://www.imdb.com/title/tt2302755/,Movie,6.5,119,2013,"Action, Thriller",302858,2013-04-26,"Antoine Fuqua",,
113,tt1606378,2013-03-04,2013-03-04,,"Szklana pułapka 5","A Good Day to Die Hard",https://www.imdb.com/title/tt1606378/,Movie,5.2,98,2013,"Action, Thriller",220818,2013-02-14,"John Moore",,
114,tt1045658,2013-03-05,2013-03-05,,"Poradnik pozytywnego myślenia","Silver Linings Playbook",https://www.imdb.com/title/tt1045658/,Movie,7.7,122,2012,"Comedy, Drama, Romance",764886,2013-02-08,"David O. Russell",,
115,tt1436045,2013-03-07,2013-03-07,,"Jûsannin no shikaku","Jûsannin no shikaku",https://www.imdb.com/title/tt1436045/,Movie,7.5,141,2010,"Action, Adventure, Drama",70874,2010-09-25,"Takashi Miike",,
116,tt0169547,2013-04-02,2013-04-02,,"American Beauty","American Beauty",https://www.imdb.com/title/tt0169547/,Movie,8.3,122,1999,"Drama",1262261,2000-02-11,"Sam Mendes",,
117,tt1182345,2013-04-03,2013-04-03,,"Moon","Moon",https://www.imdb.com/title/tt1182345/,Movie,7.8,97,2009,"Drama, Mystery, Sci-Fi",389613,2009-07-10,"Duncan Jones",,
118,tt2306299,2013-04-17,2013-04-17,,"Wikingowie","Vikings",https://www.imdb.com/title/tt2306299/,TV Series,8.5,45,2013,"Action, Adventure, Drama, History, Romance, War",626690,2015-04-14,,,
119,tt1117385,2013-04-25,2013-04-25,,"Skazaniec","Felon",https://www.imdb.com/title/tt1117385/,Movie,7.4,104,2008,"Action, Drama, Thriller",86898,2008-07-18,"Ric Roman Waugh",,
120,tt1288558,2013-05-05,2013-05-05,,"Martwe zło","Evil Dead",https://www.imdb.com/title/tt1288558/,Movie,6.5,91,2013,"Horror",208718,2013-04-05,"Fede Alvarez",,
121,tt1757746,2013-05-20,2013-05-20,,"W umyśle wroga","Extracted",https://www.imdb.com/title/tt1757746/,Movie,6.4,89,2012,"Drama, Sci-Fi",12730,2013-09-09,"Nir Paniry",,
122,tt0057115,2013-05-21,2013-05-21,,"Wielka ucieczka","The Great Escape",https://www.imdb.com/title/tt0057115/,Movie,8.2,172,1963,"Adventure, Drama, Thriller, War",272535,1967-07-14,"John Sturges",,
123,tt1103987,2013-06-13,2013-06-13,,"Uczciwy przekręt","Leverage",https://www.imdb.com/title/tt1103987/,TV Series,7.9,42,2008,"Crime, Mystery, Thriller",56397,2009-05-18,,,
124,tt1731141,2013-10-26,2013-10-26,,"Gra Endera","Ender's Game",https://www.imdb.com/title/tt1731141/,Movie,6.6,114,2013,"Action, Adventure, Sci-Fi",262206,2013-10-31,"Gavin Hood",,
125,tt1234721,2013-10-26,2013-10-26,,"RoboCop","RoboCop",https://www.imdb.com/title/tt1234721/,Movie,6.1,117,2014,"Action, Crime, Sci-Fi, Thriller",246749,2014-02-07,"José Padilha",,
126,tt1204975,2013-11-10,2013-11-10,,"Last Vegas","Last Vegas",https://www.imdb.com/title/tt1204975/,Movie,6.6,105,2013,"Comedy",139365,2013-11-22,"Jon Turteltaub",,
127,tt3063516,2013-11-10,2013-11-10,,"Bezwstydny dziadek","Bad Grandpa",https://www.imdb.com/title/tt3063516/,Movie,6.5,92,2013,"Comedy",99947,2020-11-01,"Jeff Tremaine",,
128,tt0064116,2013-11-10,2013-11-10,,"Pewnego razu na Dzikim Zachodzie","C'era una volta il West",https://www.imdb.com/title/tt0064116/,Movie,8.5,166,1968,"Drama, Western",374729,1968-12-21,"Sergio Leone",,
129,tt1453159,2013-11-11,2013-11-11,,"Filary Ziemi","The Pillars of the Earth",https://www.imdb.com/title/tt1453159/,TV Mini Series,8.0,60,2010,"Drama, Romance, Thriller, War",34819,2012-01-11,,,
130,tt1951264,2013-11-30,2013-11-30,,"Igrzyska śmierci: W pierścieniu ognia","The Hunger Games: Catching Fire",https://www.imdb.com/title/tt1951264/,Movie,7.5,146,2013,"Action, Adventure, Sci-Fi, Thriller",758051,2013-11-22,"Francis Lawrence",,
131,tt2249007,2013-12-02,2013-12-02,,"Ray Donovan","Ray Donovan",https://www.imdb.com/title/tt2249007/,TV Series,8.3,60,2013,"Crime, Drama",98027,2013-06-18,,,
132,tt1206543,2013-12-11,2013-12-11,,"Zrodzony w ogniu","Out of the Furnace",https://www.imdb.com/title/tt1206543/,Movie,6.7,116,2013,"Crime, Drama, Thriller",130194,2013-12-06,"Scott Cooper",,
133,tt0077416,2013-12-17,2013-12-17,,"Łowca jeleni","The Deer Hunter",https://www.imdb.com/title/tt0077416/,Movie,8.1,183,1978,"Drama, War",380445,1995-10-27,"Michael Cimino",,
134,tt2654580,2013-12-22,2013-12-22,,"Almost Human","Almost Human",https://www.imdb.com/title/tt2654580/,TV Series,7.9,60,2013,"Action, Crime, Drama, Sci-Fi",53251,2014-09-12,,,
135,tt1839578,2013-12-24,2013-12-24,,"Impersonalni","Person of Interest",https://www.imdb.com/title/tt1839578/,TV Series,8.5,43,2011,"Action, Crime, Drama, Mystery, Sci-Fi, Thriller",200942,2011-09-22,,,
136,tt0092563,2014-01-02,2014-01-02,,"Harry Angel","Angel Heart",https://www.imdb.com/title/tt0092563/,Movie,7.2,113,1987,"Horror, Mystery, Thriller",101498,1987-03-06,"Alan Parker",,
137,tt1800241,2014-01-02,2014-01-02,,"American Hustle","American Hustle",https://www.imdb.com/title/tt1800241/,Movie,7.2,138,2013,"Crime, Drama",513211,2014-01-31,"David O. Russell",,
138,tt1723811,2014-01-04,2014-01-04,,"Wstyd","Shame",https://www.imdb.com/title/tt1723811/,Movie,7.2,101,2011,"Drama",213854,2012-02-24,"Steve McQueen",,
139,tt0106028,2014-02-09,2014-02-09,,"Wydział zabójstw Baltimore","Homicide: Life on the Street",https://www.imdb.com/title/tt0106028/,TV Series,8.7,60,1993,"Crime, Drama, Mystery, Thriller",16533,1993-01-31,,,
140,tt0117665,2014-02-09,2014-02-09,,"Uśpieni","Sleepers",https://www.imdb.com/title/tt0117665/,Movie,7.5,147,1996,"Crime, Drama, Thriller",247936,1997-02-07,"Barry Levinson",,
141,tt0203019,2014-02-09,2014-02-09,,"Siła i honor","Men of Honor",https://www.imdb.com/title/tt0203019/,Movie,7.2,129,2000,"Biography, Drama",129855,2001-05-04,"George Tillman Jr.",,
142,tt0118887,2014-02-09,2014-02-09,,"Copland","Cop Land",https://www.imdb.com/title/tt0118887/,Movie,7.0,105,1997,"Crime, Drama, Thriller",112804,1998-01-16,"James Mangold",,
143,tt0092948,2014-02-09,2014-02-09,,"Wielka klapa","Eddie Murphy: Raw",https://www.imdb.com/title/tt0092948/,Movie,7.6,93,1987,"Documentary, Comedy",21461,1987-12-18,"Robert Townsend",,
144,tt1987585,2014-02-09,2014-02-09,,"I Ain't Scared of You: A Tribute to Bernie Mac","I Ain't Scared of You: A Tribute to Bernie Mac",https://www.imdb.com/title/tt1987585/,Movie,8.0,60,2011,"Documentary, Biography, Comedy",214,2012-02-19,"Robert Small",,
145,tt2567712,2014-02-09,2014-02-09,,"Odzyskany","Starred Up",https://www.imdb.com/title/tt2567712/,Movie,7.3,106,2013,"Crime, Drama, Thriller",50693,2014-03-21,"David Mackenzie",,
146,tt1490017,2014-02-11,2014-02-11,,"LEGO® PRZYGODA","The Lego Movie",https://www.imdb.com/title/tt1490017/,Movie,7.7,100,2014,"Animation, Action, Adventure, Comedy, Family, Fantasy, Sci-Fi",407690,2014-02-07,"Phil Lord, Christopher Miller",,
147,tt1124373,2014-02-19,2014-02-19,,"Synowie anarchii","Sons of Anarchy",https://www.imdb.com/title/tt1124373/,TV Series,8.5,45,2008,"Crime, Drama, Thriller",346175,2011-10-13,,,
148,tt2149175,2014-02-19,2014-02-19,,"Zawód: Amerykanin","The Americans",https://www.imdb.com/title/tt2149175/,TV Series,8.4,44,2013,"Crime, Drama, Mystery, Thriller",119486,2013-05-12,,,
149,tt2975578,2014-02-22,2014-02-22,,"Noc oczyszczenia: Anarchia","The Purge: Anarchy",https://www.imdb.com/title/tt2975578/,Movie,6.4,103,2014,"Action, Horror, Sci-Fi, Thriller",169845,2014-07-18,"James DeMonaco",,
150,tt1840309,2014-02-22,2014-02-22,,"Niezgodna","Divergent",https://www.imdb.com/title/tt1840309/,Movie,6.6,139,2014,"Action, Adventure, Drama, Mystery, Sci-Fi",510844,2014-04-04,"Neil Burger",,
151,tt2369135,2014-03-15,2014-03-15,,"Need for Speed","Need for Speed",https://www.imdb.com/title/tt2369135/,Movie,6.4,132,2014,"Action, Crime, Drama, Thriller",184698,2014-03-21,"Scott Waugh",,
152,tt2312718,2014-03-15,2014-03-15,,"W obronie własnej","Homefront",https://www.imdb.com/title/tt2312718/,Movie,6.5,100,2013,"Action, Crime, Thriller",138909,2013-11-27,"Gary Fleder",,
153,tt0120844,2014-03-15,2014-03-15,,"Star Trek: Rebelia","Star Trek: Insurrection",https://www.imdb.com/title/tt0120844/,Movie,6.4,103,1998,"Action, Adventure, Sci-Fi, Thriller",82057,1999-03,"Jonathan Frakes",,
154,tt0076584,2014-03-15,2014-03-15,,"Bohaterowie z piekła","Quel maledetto treno blindato",https://www.imdb.com/title/tt0076584/,Movie,6.5,99,1978,"Action, Adventure, War",10828,1978-02-08,"Enzo G. Castellari",,
155,tt0185906,2014-03-15,2014-03-15,,"Kompania braci","Band of Brothers",https://www.imdb.com/title/tt0185906/,TV Mini Series,9.4,60,2001,"Action, Drama, History, War",574055,2001-09-09,,,
156,tt1872181,2014-05-04,2014-05-04,,"Niesamowity Spider-Man 2","The Amazing Spider-Man 2",https://www.imdb.com/title/tt1872181/,Movie,6.6,142,2014,"Action, Adventure, Sci-Fi",574548,2014-04-21,"Marc Webb",,
157,tt1179031,2014-05-04,2014-05-04,,"Chłód w lipcu","Cold in July",https://www.imdb.com/title/tt1179031/,Movie,6.7,109,2014,"Crime, Thriller",39076,2014-12-31,"Jim Mickle",,
158,tt0061578,2014-05-11,2014-05-11,,"Parszywa dwunastka","The Dirty Dozen",https://www.imdb.com/title/tt0061578/,Movie,7.7,150,1967,"Action, Adventure, War",82704,1981-01,"Robert Aldrich",,
159,tt2103281,2014-05-11,2014-05-11,,"Ewolucja Planety Małp","Dawn of the Planet of the Apes",https://www.imdb.com/title/tt2103281/,Movie,7.6,130,2014,"Action, Adventure, Drama, Sci-Fi, Thriller",504818,2014-07-11,"Matt Reeves",,
160,tt2759372,2014-05-11,2014-05-11,,"Code Black","Code Black",https://www.imdb.com/title/tt2759372/,Movie,7.3,78,2013,"Documentary, Drama",705,2014-06-20,"Ryan McGarry",,
161,tt2345737,2014-05-11,2014-05-11,,"Włóczęga","The Rover",https://www.imdb.com/title/tt2345737/,Movie,6.4,103,2014,"Action, Crime, Drama, Sci-Fi",53553,2014-06-20,"David Michôd",,
162,tt1935179,2014-05-18,2014-05-18,,"Uciekinier","Mud",https://www.imdb.com/title/tt1935179/,Movie,7.4,130,2012,"Adventure, Drama",196720,2013-05-31,"Jeff Nichols",,
163,tt1647668,2014-05-19,2014-05-19,,"Ramię za milion dolarów","Million Dollar Arm",https://www.imdb.com/title/tt1647668/,Movie,7.0,124,2014,"Biography, Drama, Family, Sport",48977,2014-05-09,"Craig Gillespie",,
164,tt3765326,2014-08-09,2014-08-09,,"Miasto 44","Miasto 44",https://www.imdb.com/title/tt3765326/,Movie,6.6,130,2014,"Drama, History, Romance, War",7137,2014-09-19,"Jan Komasa",,
165,tt2692904,2014-08-09,2014-08-09,,"Locke","Locke",https://www.imdb.com/title/tt2692904/,Movie,7.1,85,2013,"Drama",166263,2014-04-11,"Steven Knight",,
166,tt3749900,2014-09-02,2014-09-02,,"Gotham","Gotham",https://www.imdb.com/title/tt3749900/,TV Series,7.8,42,2014,"Action, Crime, Drama, Mystery, Sci-Fi, Thriller",249028,2014-10-08,,,
167,tt3205802,2014-09-02,2014-09-02,,"Sposób na morderstwo","How to Get Away with Murder",https://www.imdb.com/title/tt3205802/,TV Series,8.1,45,2014,"Crime, Drama, Mystery, Thriller",175583,2014-11-05,,,
168,tt1100089,2014-09-15,2014-09-15,,"Foxcatcher","Foxcatcher",https://www.imdb.com/title/tt1100089/,Movie,7.0,134,2014,"Biography, Drama, History, Sport",153568,2015-01-09,"Bennett Miller",,
169,tt0884732,2014-10-04,2014-10-04,,"Polowanie na drużbów","The Wedding Ringer",https://www.imdb.com/title/tt0884732/,Movie,6.6,101,2015,"Comedy, Romance",83664,2015-01-16,"Jeremy Garelick",,
170,tt1951265,2014-10-04,2014-10-04,,"Igrzyska śmierci: Kosogłos. Część 1","The Hunger Games: Mockingjay - Part 1",https://www.imdb.com/title/tt1951265/,Movie,6.6,123,2014,"Action, Adventure, Sci-Fi, Thriller",533378,2014-11-21,"Francis Lawrence",,
171,tt2334649,2014-10-13,2014-10-13,,"Fruitvale","Fruitvale Station",https://www.imdb.com/title/tt2334649/,Movie,7.5,85,2013,"Biography, Crime, Drama, Romance",90114,2013-07-26,"Ryan Coogler",,
172,tt1911658,2014-11-29,2014-11-29,,"Pingwiny z Madagaskaru","Penguins of Madagascar",https://www.imdb.com/title/tt1911658/,Movie,6.6,92,2014,"Animation, Action, Adventure, Comedy, Crime, Family, Sci-Fi",111631,2015-01-30,"Eric Darnell, Simon J. Smith",,
173,tt2452200,2014-11-29,2014-11-29,,"Son of a Gun","Son of a Gun",https://www.imdb.com/title/tt2452200/,Movie,6.4,108,2014,"Action, Crime, Drama, Thriller",30683,2015-01-02,"Julius Avery",,
174,tt1065073,2014-12-11,2014-12-11,,"Boyhood","Boyhood",https://www.imdb.com/title/tt1065073/,Movie,7.9,165,2014,"Drama",377956,2014-08-29,"Richard Linklater",,
175,tt1020072,2014-12-11,2014-12-11,,"Selma","Selma",https://www.imdb.com/title/tt1020072/,Movie,7.5,128,2014,"Biography, Drama, History",98174,2015-04-10,"Ava DuVernay",,
176,tt3950078,2015-01-04,2015-01-04,,"Twierdza na Górze Tygrysa","Zhi qu wei hu shan",https://www.imdb.com/title/tt3950078/,Movie,6.4,141,2014,"Action, Adventure, History, War",3507,2014-12-23,"Hark Tsui",,
177,tt2231253,2015-01-04,2015-01-04,,"Joker","Wild Card",https://www.imdb.com/title/tt2231253/,Movie,5.6,92,2015,"Action, Crime, Drama, Thriller",63358,2015-01-14,"Simon West",,
178,tt2261331,2015-01-04,2015-01-04,,"Morze Czarne","Black Sea",https://www.imdb.com/title/tt2261331/,Movie,6.4,114,2014,"Adventure, Drama, Thriller",42719,2022-06-01,"Kevin Macdonald",,
179,tt2494280,2015-01-04,2015-01-04,,"Stretch","Stretch",https://www.imdb.com/title/tt2494280/,Movie,6.5,94,2014,"Comedy, Crime",32645,2014-10-14,"Joe Carnahan",,
180,tt3475734,2015-01-07,2015-01-07,,"Agentka Carter","Agent Carter",https://www.imdb.com/title/tt3475734/,TV Series,7.8,45,2015,"Action, Adventure, Crime, Drama, Mystery, Sci-Fi",93189,2015-05-19,,,
181,tt2265171,2015-01-07,2015-01-07,,"Raid 2: Infiltracja","Serbuan maut 2: Berandal",https://www.imdb.com/title/tt2265171/,Movie,7.9,150,2014,"Action, Crime, Thriller",137144,2014-03-28,"Gareth Evans",,
182,tt1899353,2015-01-07,2015-01-07,,"Raid","Serbuan maut",https://www.imdb.com/title/tt1899353/,Movie,7.6,101,2011,"Action, Crime, Thriller",226754,2012-05-18,"Gareth Evans",,
183,tt2628232,2015-01-07,2015-01-07,,"Dom grozy","Penny Dreadful",https://www.imdb.com/title/tt2628232/,TV Series,8.2,60,2014,"Drama, Fantasy, Horror",137226,2014-11-10,,,
184,tt2294189,2015-02-03,2015-02-03,,"Upadek","The Fall",https://www.imdb.com/title/tt2294189/,TV Series,8.1,60,2013,"Crime, Drama, Thriller",128834,2014-02-14,,,
185,tt4532368,2015-05-26,2015-05-26,,"Legends of Tomorrow","Legends of Tomorrow",https://www.imdb.com/title/tt4532368/,TV Series,6.7,42,2016,"Action, Adventure, Drama, Sci-Fi",113466,2016-01-21,,,
186,tt2637276,2015-06-26,2015-06-26,,"Ted 2","Ted 2",https://www.imdb.com/title/tt2637276/,Movie,6.3,115,2015,"Comedy",253408,2015-07-10,"Seth MacFarlane",,
187,tt3079380,2015-06-26,2015-06-26,,"Agentka","Spy",https://www.imdb.com/title/tt3079380/,Movie,7.0,120,2015,"Action, Comedy",270705,2015-06-05,"Paul Feig",,
188,tt3569230,2015-06-26,2015-06-26,,"Legend","Legend",https://www.imdb.com/title/tt3569230/,Movie,6.9,132,2015,"Biography, Crime, Drama, Thriller",218415,2015-10-09,"Brian Helgeland",,
189,tt0420293,2015-06-26,2015-06-26,,"Więzienny eksperyment","The Stanford Prison Experiment",https://www.imdb.com/title/tt0420293/,Movie,6.8,122,2015,"Biography, Drama, History, Thriller",47596,2015-07-17,"Kyle Patrick Alvarez",,
190,tt2293640,2015-07-12,2015-07-12,,"Minionki","Minions",https://www.imdb.com/title/tt2293640/,Movie,6.4,91,2015,"Animation, Adventure, Comedy, Crime, Family, Sci-Fi",277696,2015-06-26,"Kyle Balda, Pierre Coffin",,
191,tt1833285,2015-08-22,2015-08-22,,"Boss","Boss",https://www.imdb.com/title/tt1833285/,TV Series,8.1,60,2011,"Crime, Drama",18766,2011-10-21,,,
192,tt3032476,2015-08-22,2015-08-22,,"Zadzwoń do Saula","Better Call Saul",https://www.imdb.com/title/tt3032476/,TV Series,9.0,45,2015,"Crime, Drama",767879,2015-02-08,,,
193,tt2884018,2015-12-02,2015-12-02,,"Makbet","Macbeth",https://www.imdb.com/title/tt2884018/,Movie,6.6,113,2015,"Drama, History, War",61145,2015-11-27,"Justin Kurzel",,
194,tt2080374,2015-12-02,2015-12-02,,"Steve Jobs","Steve Jobs",https://www.imdb.com/title/tt2080374/,Movie,7.2,122,2015,"Biography, Drama",184985,2015-11-13,"Danny Boyle",,
195,tt0107207,2015-12-02,2015-12-02,,"W imię ojca","In the Name of the Father",https://www.imdb.com/title/tt0107207/,Movie,8.1,133,1993,"Biography, Crime, Drama",199063,1994-03-25,"Jim Sheridan",,
196,tt0104691,2015-12-02,2015-12-02,,"Ostatni Mohikanin","The Last of the Mohicans",https://www.imdb.com/title/tt0104691/,Movie,7.6,112,1992,"Action, Adventure, Drama, Romance, War",201418,1993-09-10,"Michael Mann",,
197,tt2057392,2015-12-07,2015-12-07,,"Niewidzialny wróg","Eye in the Sky",https://www.imdb.com/title/tt2057392/,Movie,7.3,102,2015,"Action, Drama, Thriller, War",94895,2016-03-11,"Gavin Hood",,
198,tt0075784,2015-12-08,2015-12-08,,"O jeden most za daleko","A Bridge Too Far",https://www.imdb.com/title/tt0075784/,Movie,7.4,175,1977,"Drama, History, War",66076,1978,"Richard Attenborough",,
199,tt0064505,2015-12-08,2015-12-08,,"Włoska robota","The Italian Job",https://www.imdb.com/title/tt0064505/,Movie,7.2,99,1969,"Action, Comedy, Crime, Thriller",53140,1969-07-25,"Peter Collinson",,
200,tt3110958,2015-12-08,2015-12-08,,"Iluzja 2","Now You See Me 2",https://www.imdb.com/title/tt3110958/,Movie,6.4,129,2016,"Action, Adventure, Comedy, Crime, Mystery, Thriller",345912,2016-07-08,"Jon M. Chu",,
201,tt3385516,2015-12-17,2015-12-17,,"X-Men: Apocalypse","X-Men: Apocalypse",https://www.imdb.com/title/tt3385516/,Movie,6.8,144,2016,"Action, Adventure, Sci-Fi",484937,2016-05-20,"Bryan Singer",,
202,tt2788432,2015-12-30,2015-12-30,,"American Crime Story","American Crime Story",https://www.imdb.com/title/tt2788432/,TV Series,8.4,42,2016,"Biography, Crime, Drama, History",101517,2016-11-01,,,
203,tt2699128,2016-01-04,2016-01-04,,"Pozostawieni","The Leftovers",https://www.imdb.com/title/tt2699128/,TV Series,8.3,60,2014,"Drama, Fantasy, Mystery, Thriller",125136,2014-06-30,,,
204,tt1740299,2016-01-04,2016-01-04,,"Człowiek z Wysokiego Zamku","The Man in the High Castle",https://www.imdb.com/title/tt1740299/,TV Series,7.9,60,2015,"Drama, Sci-Fi, Thriller",119147,2015-01-15,,,
205,tt2442560,2016-01-05,2016-01-05,,"Peaky Blinders","Peaky Blinders",https://www.imdb.com/title/tt2442560/,TV Series,8.7,60,2013,"Crime, Drama",733433,2013-09-12,,,
206,tt2267968,2016-01-31,2016-01-31,,"Kung Fu Panda 3","Kung Fu Panda 3",https://www.imdb.com/title/tt2267968/,Movie,7.1,95,2016,"Animation, Action, Adventure, Comedy, Family, Fantasy",209854,2016-04-01,"Alessandro Carloni, Jennifer Yuh Nelson",,
207,tt3170832,2016-01-31,2016-01-31,,"Pokój","Room",https://www.imdb.com/title/tt3170832/,Movie,8.1,118,2015,"Drama, Thriller",473244,2016-02-26,"Lenny Abrahamson",,
208,tt3011894,2016-02-03,2016-02-03,,"Dzikie historie","Relatos salvajes",https://www.imdb.com/title/tt3011894/,Movie,8.1,122,2014,"Comedy, Drama, Thriller",232922,2015-01-02,"Damián Szifron",,
209,tt2121382,2016-02-03,2016-02-03,,"Turysta","Turist",https://www.imdb.com/title/tt2121382/,Movie,7.2,120,2014,"Comedy, Drama",71384,2015-02-06,"Ruben Östlund",,
210,tt1567437,2016-02-03,2016-02-03,,"Głosy","The Voices",https://www.imdb.com/title/tt1567437/,Movie,6.3,103,2014,"Comedy, Crime, Horror, Thriller",66035,2015-02-27,"Marjane Satrapi",,
211,tt3416742,2016-02-03,2016-02-03,,"Co robimy w ukryciu","What We Do in the Shadows",https://www.imdb.com/title/tt3416742/,Movie,7.6,86,2014,"Comedy, Horror",210266,2015-02-27,"Jemaine Clement, Taika Waititi",,
212,tt3235888,2016-02-03,2016-02-03,,"Coś za mną chodzi","It Follows",https://www.imdb.com/title/tt3235888/,Movie,6.8,100,2014,"Horror, Mystery, Thriller",291871,2015-03-13,"David Robert Mitchell",,
213,tt2326554,2016-02-03,2016-02-03,,"O dziewczynie, która wraca nocą sama do domu","A Girl Walks Home Alone at Night",https://www.imdb.com/title/tt2326554/,Movie,6.9,101,2014,"Drama, Horror, Romance, Thriller",40648,2015-08-14,"Ana Lily Amirpour",,
214,tt2554274,2016-02-03,2016-02-03,,"Crimson Peak. Wzgórze krwi","Crimson Peak",https://www.imdb.com/title/tt2554274/,Movie,6.5,119,2015,"Drama, Horror, Mystery, Romance, Thriller",165566,2015-10-23,"Guillermo del Toro",,
215,tt2400463,2016-02-03,2016-02-03,,"Zaproszenie","The Invitation",https://www.imdb.com/title/tt2400463/,Movie,6.6,100,2015,"Drama, Horror, Mystery, Thriller",126380,2016-07-08,"Karyn Kusama",,
216,tt0104797,2016-02-06,2016-02-06,,"Malcolm X","Malcolm X",https://www.imdb.com/title/tt0104797/,Movie,7.7,202,1992,"Biography, Drama, History",108464,2019-04-26,"Spike Lee",,
217,tt3818452,2016-02-24,2016-02-24,,"I Call First","I Call First",https://www.imdb.com/title/tt3818452/,Movie,7.9,70,2015,"Comedy, Drama, History, Romance",77,2015-12-10,"Alexander Raye Pimentel",,
218,tt1014763,2016-02-24,2016-02-24,,"System","Child 44",https://www.imdb.com/title/tt1014763/,Movie,6.4,137,2015,"Crime, Drama, History, Mystery, Thriller",78751,2015-04-24,"Daniel Espinosa",,
219,tt0253754,2016-02-24,2016-02-24,,"Star Trek X: Nemesis","Star Trek: Nemesis",https://www.imdb.com/title/tt0253754/,Movie,6.4,116,2002,"Action, Adventure, Sci-Fi, Thriller",86714,2003-03-07,"Stuart Baird",,
220,tt0059643,2016-02-26,2016-02-26,,"Rękopis znaleziony w Saragossie","Rekopis znaleziony w Saragossie",https://www.imdb.com/title/tt0059643/,Movie,7.7,182,1965,"Adventure, Drama, Fantasy, History, Horror, Mystery",6307,1965-02-09,"Wojciech Has",,
221,tt5104362,2016-02-26,2016-02-26,,"Pakt","Pakt",https://www.imdb.com/title/tt5104362/,TV Series,7.1,60,2015,"Crime, Drama, Mystery, Thriller",1342,2015-11-08,,,
222,tt2937900,2016-02-26,2016-02-26,,"The Knick","The Knick",https://www.imdb.com/title/tt2937900/,TV Series,8.4,58,2014,"Drama, History",55735,2014-08-09,,,
223,tt1600196,2016-03-01,2016-03-01,,"Brudny szmal","The Drop",https://www.imdb.com/title/tt1600196/,Movie,7.0,106,2014,"Crime, Drama, Mystery, Thriller",167891,2014-12-05,"Michaël R. Roskam",,
224,tt2879552,2016-03-01,2016-03-01,,"22.11.63","11.22.63",https://www.imdb.com/title/tt2879552/,TV Mini Series,8.1,60,2016,"Drama, Mystery, Romance, Sci-Fi, Thriller",112613,2016-09-26,,,
225,tt3186130,2016-03-01,2016-03-01,,"Vinyl","Vinyl",https://www.imdb.com/title/tt3186130/,TV Series,7.7,60,2016,"Drama, Music",25679,2016-02-14,,,
226,tt3203606,2016-03-01,2016-03-01,,"Trumbo","Trumbo",https://www.imdb.com/title/tt3203606/,Movie,7.4,124,2015,"Biography, Drama",86761,2015-11-27,"Jay Roach",,
227,tt2719848,2016-03-01,2016-03-01,,"Everest","Everest",https://www.imdb.com/title/tt2719848/,Movie,7.1,121,2015,"Adventure, Biography, Drama, Thriller",243117,2015-09-18,"Baltasar Kormákur",,
228,tt2120120,2016-03-01,2016-03-01,,"Piksele","Pixels",https://www.imdb.com/title/tt2120120/,Movie,5.6,105,2015,"Action, Adventure, Comedy, Fantasy, Sci-Fi, Thriller",174103,2015-07-24,"Chris Columbus",,
229,tt4196776,2016-03-01,2016-03-01,,"Jason Bourne","Jason Bourne",https://www.imdb.com/title/tt4196776/,Movie,6.6,123,2016,"Action, Thriller",252919,2016-07-29,"Paul Greengrass",,
230,tt2368619,2016-03-02,2016-03-02,,"Dzień Bastylii","Bastille Day",https://www.imdb.com/title/tt2368619/,Movie,6.3,92,2016,"Action, Adventure, Crime, Drama, Mystery, Thriller",54108,2016-06-03,"James Watkins",,
231,tt3072482,2016-03-02,2016-03-02,,"Hardcore Henry","Hardcore Henry",https://www.imdb.com/title/tt3072482/,Movie,6.7,96,2015,"Action, Adventure, Sci-Fi, Thriller",107042,2016-04-08,"Ilya Naishuller",,
232,tt1179933,2016-03-13,2016-03-13,,"Cloverfield Lane 10","10 Cloverfield Lane",https://www.imdb.com/title/tt1179933/,Movie,7.2,103,2016,"Drama, Horror, Sci-Fi, Thriller",376614,2016-04-22,"Dan Trachtenberg",,
233,tt3230854,2016-03-13,2016-03-13,,"The Expanse","The Expanse",https://www.imdb.com/title/tt3230854/,TV Series,8.5,60,2015,"Drama, Mystery, Sci-Fi",186468,2015-12-14,,,
234,tt3973768,2016-03-13,2016-03-13,,"Ręka Boga","Hand of God",https://www.imdb.com/title/tt3973768/,TV Series,7.4,60,2014,"Crime, Drama",12764,2014-08-28,,,
235,tt4422836,2016-03-13,2016-03-13,,"Limitless","Limitless",https://www.imdb.com/title/tt4422836/,TV Series,7.6,42,2015,"Comedy, Crime, Drama, Sci-Fi, Thriller",74271,2015-09-22,,,
236,tt4378456,2016-03-13,2016-03-13,,"Drugie życie","Second Chance",https://www.imdb.com/title/tt4378456/,TV Series,7.4,42,2016,"Drama, Sci-Fi",12992,2016-05-31,,,
237,tt4052886,2016-03-13,2016-03-13,,"Lucyfer","Lucifer",https://www.imdb.com/title/tt4052886/,TV Series,8.0,45,2016,"Crime, Drama, Fantasy",382072,2016-02-28,,,
238,tt4474310,2016-03-13,2016-03-13,,"The Player","The Player",https://www.imdb.com/title/tt4474310/,TV Series,6.9,60,2015,"Action, Crime, Drama, Thriller",7760,2016-08-23,,,
239,tt4474344,2016-03-13,2016-03-13,,"Blindspot: Mapa zbrodni","Blindspot",https://www.imdb.com/title/tt4474344/,TV Series,7.3,42,2015,"Action, Crime, Drama, Mystery, Sci-Fi, Thriller",84392,2015-11-12,,,
240,tt4428122,2016-03-13,2016-03-13,,"Quantico","Quantico",https://www.imdb.com/title/tt4428122/,TV Series,6.7,42,2015,"Crime, Drama, Mystery, Thriller",65347,2015-10-11,,,
241,tt0458481,2016-03-14,2016-03-14,,"Sin City 2: Damulka warta grzechu","Sin City: A Dame to Kill For",https://www.imdb.com/title/tt0458481/,Movie,6.5,102,2014,"Action, Crime, Thriller",176592,2014-09-05,"Frank Miller, Robert Rodriguez",,
242,tt0417397,2016-03-26,2016-03-26,,"9 kompania","9 rota",https://www.imdb.com/title/tt0417397/,Movie,7.0,139,2005,"Action, Drama, History, War",22274,2006-10-20,"Fedor Bondarchuk",,
243,tt1615147,2016-03-28,2016-03-28,,"Chciwość","Margin Call",https://www.imdb.com/title/tt1615147/,Movie,7.1,107,2011,"Drama, Thriller",155941,2011-12-26,"J.C. Chandor",,
244,tt3488710,2016-04-02,2016-04-02,,"The Walk. Sięgając chmur","The Walk",https://www.imdb.com/title/tt3488710/,Movie,7.3,123,2015,"Adventure, Biography, Drama",139987,2015-10-09,"Robert Zemeckis",,
245,tt4116284,2016-04-10,2016-04-10,,"LEGO® Batman: Film","The Lego Batman Movie",https://www.imdb.com/title/tt4116284/,Movie,7.3,104,2017,"Animation, Action, Adventure, Comedy, Family, Fantasy, Sci-Fi",186939,2017-02-09,"Chris McKay",,
246,tt0803096,2016-04-10,2016-04-10,,"Warcraft: Początek","Warcraft",https://www.imdb.com/title/tt0803096/,Movie,6.7,123,2016,"Action, Adventure, Fantasy",291424,2016-06-10,"Duncan Jones",,
247,tt1403981,2016-05-15,2016-05-15,,"Twój na zawsze","Remember Me",https://www.imdb.com/title/tt1403981/,Movie,7.1,113,2010,"Drama, Romance",160947,2010-03-19,"Allen Coulter",,
248,tt2241351,2016-05-15,2016-05-15,,"Zakładnik z Wall Street","Money Monster",https://www.imdb.com/title/tt2241351/,Movie,6.5,98,2016,"Action, Crime, Drama, Mystery, Thriller",110550,2016-05-20,"Jodie Foster",,
249,tt1060277,2016-05-15,2016-05-15,,"Projekt: Monster","Cloverfield",https://www.imdb.com/title/tt1060277/,Movie,7.0,85,2008,"Action, Horror, Sci-Fi, Thriller",438156,2008-02-01,"Matt Reeves",,
250,tt2398231,2016-05-15,2016-05-15,,"Eskorta","The Homesman",https://www.imdb.com/title/tt2398231/,Movie,6.6,122,2014,"Drama, Western",37851,2015-08-07,"Tommy Lee Jones",,
251,tt0448134,2016-05-15,2016-05-15,,"W stronę Słońca","Sunshine",https://www.imdb.com/title/tt0448134/,Movie,7.2,107,2007,"Sci-Fi, Thriller",281442,2007-04-13,"Danny Boyle",,
252,tt1399664,2016-05-17,2016-05-17,,"Nocny recepcjonista","The Night Manager",https://www.imdb.com/title/tt1399664/,TV Series,8.0,60,2016,"Crime, Drama, Mystery, Thriller",113335,2017-05-14,,,
253,tt0094721,2016-05-22,2016-05-22,,"Sok z żuka","Beetlejuice",https://www.imdb.com/title/tt0094721/,Movie,7.4,92,1988,"Comedy, Fantasy",409312,2021-08-01,"Tim Burton",,
254,tt1706620,2016-05-31,2016-05-31,,"Snowpiercer: Arka przyszłości","Snowpiercer",https://www.imdb.com/title/tt1706620/,Movie,7.1,126,2013,"Action, Sci-Fi, Thriller",412339,2014-04-10,"Bong Joon Ho",,
255,tt3774114,2016-06-02,2016-06-02,,"Snowden","Snowden",https://www.imdb.com/title/tt3774114/,Movie,7.3,134,2016,"Biography, Crime, Drama, Thriller",170108,2016-11-18,"Oliver Stone",,
256,tt2660888,2016-07-27,2016-07-27,,"Star Trek: W nieznane","Star Trek Beyond",https://www.imdb.com/title/tt2660888/,Movie,7.0,122,2016,"Action, Adventure, Sci-Fi, Thriller",266828,2016-07-22,"Justin Lin",,
257,tt0099871,2016-08-13,2016-08-13,,"Drabina Jakubowa","Jacob's Ladder",https://www.imdb.com/title/tt0099871/,Movie,7.4,113,1990,"Drama, Horror, Mystery",125575,1990-11-02,"Adrian Lyne",,
258,tt0340377,2016-08-15,2016-08-15,,"Dróżnik","The Station Agent",https://www.imdb.com/title/tt0340377/,Movie,7.6,89,2003,"Comedy, Drama",77455,2004-03-19,"Tom McCarthy",,
259,tt4081260,2016-10-02,2016-10-02,,"Służby specjalne","Sluzby specjalne",https://www.imdb.com/title/tt4081260/,Movie,6.3,115,2014,"Action, Crime, Drama, Thriller",2050,2014-10-03,"Patryk Vega",,
260,tt2183404,2016-10-30,2016-10-30,,"Rectify","Rectify",https://www.imdb.com/title/tt2183404/,TV Series,8.3,60,2013,"Drama",28619,2013-05-02,,,
261,tt0102138,2016-11-01,2016-11-01,,"JFK","JFK",https://www.imdb.com/title/tt0102138/,Movie,8.0,189,1991,"Drama, History, Thriller",178645,1992-03,"Oliver Stone",,
262,tt0120863,2016-11-01,2016-11-01,,"Cienka czerwona linia","The Thin Red Line",https://www.imdb.com/title/tt0120863/,Movie,7.6,170,1998,"Drama, History, War",209241,1999-03-12,"Terrence Malick",,
263,tt0113870,2016-11-01,2016-11-01,,"Morderstwo pierwszego stopnia","Murder in the First",https://www.imdb.com/title/tt0113870/,Movie,7.3,122,1995,"Drama, Thriller",32245,1996-06-07,"Marc Rocco",,
264,tt3239932,2016-11-01,2016-11-01,,"True Crime: The Movie","True Crime: The Movie",https://www.imdb.com/title/tt3239932/,Movie,7.2,87,2012,"Documentary",38,2012-07-12,"Marijus Pikelis",,
265,tt0094027,2016-11-20,2016-11-20,,"Wszystko albo nic","Stand and Deliver",https://www.imdb.com/title/tt0094027/,Movie,7.3,103,1988,"Biography, Drama",23410,1988-03-11,"Ramón Menéndez",,
266,tt1422020,2016-12-01,2016-12-01,,"Poprawczak","Dog Pound",https://www.imdb.com/title/tt1422020/,Movie,7.0,91,2010,"Crime, Drama",14153,2010-06-23,"Kim Chapiron",,
267,tt0390384,2016-12-01,2016-12-01,,"Wynalazek","Primer",https://www.imdb.com/title/tt0390384/,Movie,6.7,77,2004,"Drama, Sci-Fi, Thriller",119551,2005-05-25,"Shane Carruth",,
268,tt0419677,2016-12-01,2016-12-01,,"Buty nieboszczyka","Dead Man's Shoes",https://www.imdb.com/title/tt0419677/,Movie,7.5,90,2004,"Crime, Drama, Thriller",61912,2004-10-01,"Shane Meadows",,
269,tt0366627,2016-12-01,2016-12-01,,"Obłęd","The Jacket",https://www.imdb.com/title/tt0366627/,Movie,7.1,103,2005,"Drama, Fantasy, Mystery, Sci-Fi, Thriller",123117,2005-05-12,"John Maybury",,
270,tt0804461,2016-12-01,2016-12-01,,"Wyrok śmierci","Death Sentence",https://www.imdb.com/title/tt0804461/,Movie,6.7,105,2007,"Action, Crime, Thriller",76986,2007-08-31,"James Wan",,
271,tt0106341,2016-12-01,2016-12-01,,"Bad Boy Bubby","Bad Boy Bubby",https://www.imdb.com/title/tt0106341/,Movie,7.3,114,1993,"Comedy, Crime, Drama",15807,1994-07-28,"Rolf de Heer",,
272,tt0160611,2016-12-12,2016-12-12,,"Przyzwoity przestępca","Ordinary Decent Criminal",https://www.imdb.com/title/tt0160611/,Movie,6.3,93,2000,"Comedy, Crime",14687,2001-09-14,"Thaddeus O'Sullivan",,
273,tt3531824,2016-12-25,2016-12-25,,"Nerve","Nerve",https://www.imdb.com/title/tt3531824/,Movie,6.5,96,2016,"Adventure, Crime, Drama, Thriller",145479,2016-09-02,"Henry Joost, Ariel Schulman",,
274,tt2649554,2016-12-30,2016-12-30,,"Midnight Special","Midnight Special",https://www.imdb.com/title/tt2649554/,Movie,6.6,112,2016,"Drama, Mystery, Sci-Fi, Thriller",85985,2016-02-18,"Jeff Nichols",,
275,tt3082854,2016-12-31,2016-12-31,,"Komuna","Kollektivet",https://www.imdb.com/title/tt3082854/,Movie,6.4,111,2016,"Drama",8573,2016-08-19,"Thomas Vinterberg",,
276,tt2948166,2016-12-31,2016-12-31,,"Dziennik maszynisty","Dnevnik masinovodje",https://www.imdb.com/title/tt2948166/,Movie,7.1,85,2016,"Comedy, Drama",1577,2018-03-02,"Milos Radovic",,
277,tt5936692,2016-12-31,2016-12-31,,"Ostatnia rodzina","Ostatnia rodzina",https://www.imdb.com/title/tt5936692/,Movie,7.4,123,2016,"Biography, Drama",5120,2016-09-30,"Jan P. Matuszynski",,
278,tt4550098,2016-12-31,2016-12-31,,"Zwierzęta nocy","Nocturnal Animals",https://www.imdb.com/title/tt4550098/,Movie,7.4,116,2016,"Drama, Thriller",332768,2016-11-18,"Tom Ford",,
279,tt5247022,2016-12-31,2016-12-31,,"Paterson","Paterson",https://www.imdb.com/title/tt5247022/,Movie,7.3,118,2016,"Comedy, Drama, Romance",93471,2016-12-30,"Jim Jarmusch",,
280,tt0119081,2017-02-04,2017-02-04,,"Ukryty wymiar","Event Horizon",https://www.imdb.com/title/tt0119081/,Movie,6.6,96,1997,"Horror, Sci-Fi, Thriller",209280,1997-11-21,"Paul W.S. Anderson",,
281,tt2191671,2017-02-05,2017-02-05,,"Elementary","Elementary",https://www.imdb.com/title/tt2191671/,TV Series,7.9,60,2012,"Crime, Drama, Mystery",124675,2012-09-27,,,
282,tt2763304,2017-03-13,2017-03-13,,"T2: Trainspotting","T2 Trainspotting",https://www.imdb.com/title/tt2763304/,Movie,7.1,117,2017,"Comedy, Crime, Drama",139226,2017-03-03,"Danny Boyle",,
283,tt3731562,2017-03-13,2017-03-13,,"Kong: Wyspa Czaszki","Kong: Skull Island",https://www.imdb.com/title/tt3731562/,Movie,6.7,118,2017,"Action, Adventure, Fantasy, Sci-Fi",367670,2017-03-10,"Jordan Vogt-Roberts",,
284,tt5114356,2017-03-19,2017-03-19,,"Legion","Legion",https://www.imdb.com/title/tt5114356/,TV Series,8.1,60,2017,"Action, Sci-Fi, Thriller",102030,2017-02-08,,,
285,tt4270492,2017-05-09,2017-05-09,,"Billions","Billions",https://www.imdb.com/title/tt4270492/,TV Series,8.3,60,2016,"Drama",115880,2016-01-17,,,
286,tt1972591,2017-06-10,2017-06-10,,"Król Artur: Legenda miecza","King Arthur: Legend of the Sword",https://www.imdb.com/title/tt1972591/,Movie,6.7,126,2017,"Action, Adventure, Drama, Fantasy",243373,2017-06-16,"Guy Ritchie",,
287,tt2316204,2017-06-10,2017-06-10,,"Obcy: Przymierze","Alien: Covenant",https://www.imdb.com/title/tt2316204/,Movie,6.4,122,2017,"Horror, Sci-Fi, Thriller",337388,2017-05-12,"Ridley Scott",,
288,tt3450958,2017-07-23,2017-07-23,,"Wojna o Planetę Małp","War for the Planet of the Apes",https://www.imdb.com/title/tt3450958/,Movie,7.4,140,2017,"Action, Adventure, Drama, Sci-Fi, Thriller",320610,2017-07-28,"Matt Reeves",,
289,tt0266308,2017-08-10,2017-08-10,,"Battle Royale","Batoru Rowaiaru",https://www.imdb.com/title/tt0266308/,Movie,7.5,114,2000,"Action, Drama, Thriller",203362,2000-12-16,"Kinji Fukasaku",,
290,tt0068718,2017-08-20,2017-08-20,,"Diamentowa gorączka","The Hot Rock",https://www.imdb.com/title/tt0068718/,Movie,6.8,101,1972,"Action, Comedy, Crime",7500,1972-01-26,"Peter Yates",,
291,tt5439796,2017-08-20,2017-08-20,,"Logan Lucky","Logan Lucky",https://www.imdb.com/title/tt5439796/,Movie,7.0,118,2017,"Action, Comedy, Crime, Drama",173814,2017-09-01,"Steven Soderbergh",,
292,tt1959563,2017-08-22,2017-08-22,,"Bodyguard Zawodowiec","The Hitman's Bodyguard",https://www.imdb.com/title/tt1959563/,Movie,6.9,118,2017,"Action, Comedy, Crime, Thriller",259056,2017-08-18,"Patrick Hughes",,
293,tt1396484,2017-09-09,2017-09-09,,"To","It",https://www.imdb.com/title/tt1396484/,Movie,7.3,135,2017,"Horror",658885,2017-09-08,"Andy Muschietti",,
294,tt5362988,2017-09-09,2017-09-09,,"Wind River. Na przeklętej ziemi","Wind River",https://www.imdb.com/title/tt5362988/,Movie,7.7,107,2017,"Crime, Drama, Mystery, Thriller, Western",303972,2017-08-18,"Taylor Sheridan",,
295,tt0335266,2017-09-24,2017-09-24,,"Między słowami","Lost in Translation",https://www.imdb.com/title/tt0335266/,Movie,7.7,102,2003,"Comedy, Drama",517753,2004-02-20,"Sofia Coppola",,
296,tt5673782,2017-09-24,2017-09-24,,"Geniusz","Genius",https://www.imdb.com/title/tt5673782/,TV Series,8.2,50,2017,"Biography, Drama, History",20901,2017-04-25,,,
297,tt1798684,2017-09-25,2017-09-25,,"Do utraty sił","Southpaw",https://www.imdb.com/title/tt1798684/,Movie,7.3,124,2015,"Action, Drama, Sport",272571,2015-09-11,"Antoine Fuqua",,
298,tt5109784,2017-10-03,2017-10-03,,"Mother!","Mother!",https://www.imdb.com/title/tt5109784/,Movie,6.6,121,2017,"Drama, Horror, Mystery",263004,2017-11-03,"Darren Aronofsky",,
299,tt0088846,2017-10-10,2017-10-10,,"Brazil","Brazil",https://www.imdb.com/title/tt0088846/,Movie,7.8,132,1985,"Drama, Sci-Fi, Thriller",219200,1985-12-31,"Terry Gilliam",,
300,tt0023427,2017-10-11,2017-10-11,,"Człowiek z blizną","Scarface",https://www.imdb.com/title/tt0023427/,Movie,7.7,93,1932,"Action, Crime, Drama, Film-Noir, Thriller",32452,1932-04-09,"Howard Hawks, Richard Rosson",,
301,tt1098327,2017-11-12,2017-11-12,,"Dragonball: Ewolucja","Dragonball Evolution",https://www.imdb.com/title/tt1098327/,Movie,2.5,85,2009,"Action, Adventure, Fantasy, Sci-Fi, Thriller",83724,2009-04-17,"James Wong",,
302,tt0102175,2017-11-18,2017-11-18,,"Malaria","Jungle Fever",https://www.imdb.com/title/tt0102175/,Movie,6.6,132,1991,"Drama, Romance",20711,1991-06-07,"Spike Lee",,
303,tt4458206,2017-11-20,2017-11-20,,"Kod Adi K.O.Z.","Kod Adi K.O.Z.",https://www.imdb.com/title/tt4458206/,Movie,1.7,114,2015,"Crime, Mystery",27597,2015-02-13,"Celal Çimen",,
304,tt0460740,2017-11-25,2017-11-25,,"Cashback","Cashback",https://www.imdb.com/title/tt0460740/,Movie,7.1,102,2006,"Comedy, Drama, Romance",93718,2007-01-17,"Sean Ellis",,
305,tt0368909,2017-12-02,2017-12-02,,"Ong-bak","Ong-Bak",https://www.imdb.com/title/tt0368909/,Movie,7.1,108,2003,"Action, Crime, Thriller",80569,2004-09-17,"Prachya Pinkaew",,
306,tt0420223,2017-12-02,2017-12-02,,"Przypadek Harolda Cricka","Stranger Than Fiction",https://www.imdb.com/title/tt0420223/,Movie,7.5,113,2006,"Comedy, Drama, Fantasy, Romance",242771,2007-05-18,"Marc Forster",,
307,tt1527788,2017-12-02,2017-12-02,,"Człowiek znikąd","Ajeossi",https://www.imdb.com/title/tt1527788/,Movie,7.7,119,2010,"Action, Crime, Drama, Thriller",78991,2010-08-05,"Lee Jeong-beom",,
308,tt0905372,2017-12-02,2017-12-02,,"Coś","The Thing",https://www.imdb.com/title/tt0905372/,Movie,6.2,103,2011,"Horror, Mystery, Sci-Fi",152243,2011-12-16,"Matthijs van Heijningen Jr.",,
309,tt1454029,2017-12-02,2017-12-02,,"Służące","The Help",https://www.imdb.com/title/tt1454029/,Movie,8.1,146,2011,"Drama",520139,2011-11-04,"Tate Taylor",,
310,tt5649144,2017-12-29,2017-12-29,,"Projekt Floryda","The Florida Project",https://www.imdb.com/title/tt5649144/,Movie,7.6,111,2017,"Drama",142999,2017-12-22,"Sean Baker",,
311,tt6265828,2017-12-29,2017-12-29,,"Ghost Story","A Ghost Story",https://www.imdb.com/title/tt6265828/,Movie,6.8,92,2017,"Drama, Fantasy, Mystery, Romance",84921,2017-10-27,"David Lowery",,
312,tt3967856,2017-12-29,2017-12-29,,"Okja","Okja",https://www.imdb.com/title/tt3967856/,Movie,7.3,120,2017,"Action, Adventure, Drama, Sci-Fi",139470,2017-06-28,"Bong Joon Ho",,
313,tt4466490,2018-01-01,2018-01-01,,"Sieranevada","Sieranevada",https://www.imdb.com/title/tt4466490/,Movie,7.3,173,2016,"Comedy, Drama",6027,2017-06-02,"Cristi Puiu",,
314,tt0844708,2018-01-06,2018-01-06,,"Ostatni dom po lewej","The Last House on the Left",https://www.imdb.com/title/tt0844708/,Movie,6.5,113,2009,"Horror, Thriller",106377,2009-08-14,"Dennis Iliadis",,
315,tt4849438,2018-01-11,2018-01-11,,"Bahubali: Finał","Bãhubali 2: The Conclusion",https://www.imdb.com/title/tt4849438/,Movie,8.2,167,2017,"Action, Drama",127918,2017-04-28,"S.S. Rajamouli",,
316,tt1259528,2018-01-24,2018-01-24,,"Skok stulecia","Den of Thieves",https://www.imdb.com/title/tt1259528/,Movie,7.0,140,2018,"Action, Crime, Drama, Thriller",148756,2018-01-19,"Christian Gudegast",,
317,tt0096438,2018-02-03,2018-02-03,,"Kto wrobił królika Rogera?","Who Framed Roger Rabbit",https://www.imdb.com/title/tt0096438/,Movie,7.7,104,1988,"Animation, Adventure, Comedy, Crime, Family, Fantasy, Mystery",228944,1990-08-10,"Robert Zemeckis",,
318,tt1590193,2018-02-03,2018-02-03,,"Pasażer","The Commuter",https://www.imdb.com/title/tt1590193/,Movie,6.3,104,2018,"Action, Mystery, Thriller",131754,2018-01-12,"Jaume Collet-Serra",,
319,tt1677720,2018-03-31,2018-03-31,,"Player One","Ready Player One",https://www.imdb.com/title/tt1677720/,Movie,7.4,140,2018,"Action, Adventure, Sci-Fi",527459,2018-04-06,"Steven Spielberg",,
320,tt6644200,2018-05-28,2018-05-28,,"Ciche miejsce","A Quiet Place",https://www.imdb.com/title/tt6644200/,Movie,7.5,90,2018,"Drama, Horror, Sci-Fi",640443,2018-04-13,"John Krasinski",,
321,tt0129167,2018-07-03,2018-07-03,,"Stalowy gigant","The Iron Giant",https://www.imdb.com/title/tt0129167/,Movie,8.1,86,1999,"Animation, Action, Adventure, Comedy, Drama, Family, Sci-Fi",251404,2000-05-12,"Brad Bird",,
322,tt5052474,2018-07-03,2018-07-03,,"Sicario 2: Soldado","Sicario: Day of the Soldado",https://www.imdb.com/title/tt5052474/,Movie,7.1,122,2018,"Action, Crime, Drama, Mystery, Thriller",184154,2018-07-20,"Stefano Sollima",,
323,tt5839706,2018-07-04,2018-07-04,,"91 Days","91 Days",https://www.imdb.com/title/tt5839706/,TV Mini Series,7.6,24,2016,"Animation, Crime, Drama, History, Thriller",6698,2016-07-08,,,
324,tt1213641,2018-10-28,2018-10-28,,"Pierwszy człowiek","First Man",https://www.imdb.com/title/tt1213641/,Movie,7.3,141,2018,"Biography, Drama, History",212570,2018-10-19,"Damien Chazelle",,
325,tt2209300,2018-11-01,2018-11-01,,"Pokłosie","Poklosie",https://www.imdb.com/title/tt2209300/,Movie,7.3,107,2012,"Drama, Fantasy, Thriller",4396,2012-11-09,"Wladyslaw Pasikowski",,
326,tt7784604,2018-12-28,2018-12-28,,"Dziedzictwo. Hereditary","Hereditary",https://www.imdb.com/title/tt7784604/,Movie,7.3,127,2018,"Drama, Horror, Mystery, Thriller",435137,2018-06-22,"Ari Aster",,
327,tt6155172,2018-12-28,2018-12-28,,"Roma","Roma",https://www.imdb.com/title/tt6155172/,Movie,7.6,135,2018,"Drama",175892,2018-12-14,"Alfonso Cuarón",,
328,tt2543312,2019-01-31,2019-01-31,,"Halt and Catch Fire","Halt and Catch Fire",https://www.imdb.com/title/tt2543312/,TV Series,8.4,60,2014,"Drama",37350,2014-06-01,,,
329,tt0106364,2019-04-06,2019-04-06,,"Batman: Maska Batmana","Batman: Mask of the Phantasm",https://www.imdb.com/title/tt0106364/,Movie,7.8,76,1993,"Animation, Action, Adventure, Crime, Family, Mystery, Sci-Fi",61808,1993-12-25,"Kevin Altieri, Boyd Kirkland, Frank Paur, Dan Riba, Eric Radomski, Bruce Timm",,
330,tt0156887,2019-05-08,2019-05-08,,"Pâfekuto burû","Pâfekuto burû",https://www.imdb.com/title/tt0156887/,Movie,8.0,81,1997,"Animation, Crime, Drama, Mystery, Thriller",112796,1998-02-28,"Satoshi Kon",,
331,tt6146586,2019-05-17,2019-05-17,,"John Wick 3","John Wick: Chapter 3 - Parabellum",https://www.imdb.com/title/tt6146586/,Movie,7.4,130,2019,"Action, Crime, Drama, Thriller",466223,2019-05-17,"Chad Stahelski",,
332,tt5884052,2019-05-17,2019-05-17,,"Pokémon: Detektyw Pikachu","Pokémon: Detective Pikachu",https://www.imdb.com/title/tt5884052/,Movie,6.5,104,2019,"Adventure, Comedy, Family, Mystery, Sci-Fi",193096,2019-05-31,"Rob Letterman",,
333,tt0067800,2019-07-06,2019-07-06,,"Nędzne psy","Straw Dogs",https://www.imdb.com/title/tt0067800/,Movie,7.4,113,1971,"Crime, Drama, Thriller",67273,1972-01-30,"Sam Peckinpah",,
334,tt4062536,2019-07-06,2019-07-06,,"Sala strachu","Green Room",https://www.imdb.com/title/tt4062536/,Movie,7.0,95,2015,"Crime, Horror, Music, Thriller",150130,2016-05-13,"Jeremy Saulnier",,
335,tt8416494,2019-08-02,2019-08-02,,"Doom Patrol","Doom Patrol",https://www.imdb.com/title/tt8416494/,TV Series,7.7,60,2019,"Action, Adventure, Comedy, Crime, Drama, Fantasy, Mystery, Sci-Fi, Thriller",62488,2019-07-15,,,
336,tt7197684,2019-08-05,2019-08-05,,"Suburra","Suburra - La serie",https://www.imdb.com/title/tt7197684/,TV Series,7.9,50,2017,"Action, Crime, Drama, Romance, Thriller",17581,2017-10-06,,,
337,tt2379308,2019-08-05,2019-08-05,,"Psycho-Pass","Psycho-Pass",https://www.imdb.com/title/tt2379308/,TV Series,8.1,25,2012,"Animation, Action, Crime, Mystery, Sci-Fi, Thriller",24908,2012-10-11,,,
338,tt0096633,2019-08-05,2019-08-05,,"Ginga eiyû densetsu","Ginga Eiyuu Densetsu",https://www.imdb.com/title/tt0096633/,TV Series,9.0,25,1988,"Animation, Action, Drama, Sci-Fi, War",6405,1988-12-21,,,
339,tt0423731,2019-08-05,2019-08-05,,"Samurai Champloo","Samurai Chanpurû",https://www.imdb.com/title/tt0423731/,TV Series,8.5,24,2004,"Animation, Action, Adventure, Comedy, Drama, Thriller",61370,2004-05-19,,,
340,tt1910272,2019-08-05,2019-08-05,,"Steins;Gate","Steins;Gate",https://www.imdb.com/title/tt1910272/,TV Series,8.8,24,2011,"Animation, Comedy, Drama, Mystery, Romance, Sci-Fi, Thriller",86637,2011-04-06,,,
341,tt0188674,2019-08-24,2019-08-24,,"Human Traffic","Human Traffic",https://www.imdb.com/title/tt0188674/,Movie,7.1,99,1999,"Comedy, Music",28808,2000-05-12,"Justin Kerrigan",,
342,tt9522300,2019-10-04,2019-10-04,,"Kaguya-sama wa kokurasetai ~ Tensai tachi no ren'ai zunô sen ~","Kaguya-sama wa kokurasetai ~ Tensai tachi no ren'ai zunô sen ~",https://www.imdb.com/title/tt9522300/,TV Series,8.5,24,2019,"Animation, Comedy, Romance",26131,2019-01-12,,,
343,tt8993398,2019-10-04,2019-10-04,,"Seishun Buta Yaro wa Bunny Girl-senpai no Yume wo Minai","Seishun buta yaro wa Bunny Girl-senpai no yume wo minai",https://www.imdb.com/title/tt8993398/,TV Series,8.0,24,2018,"Animation, Drama, Fantasy, Mystery, Romance, Thriller",22980,2018-10-04,,,
344,tt5540054,2019-10-13,2019-10-13,,"Kleszcz","The Tick",https://www.imdb.com/title/tt5540054/,TV Series,7.4,29,2016,"Action, Adventure, Comedy, Fantasy, Sci-Fi",20742,2016-08-19,,,
345,tt4869896,2019-11-20,2019-11-20,,"Overlord","Ôbârôdo",https://www.imdb.com/title/tt4869896/,TV Series,7.6,30,2015,"Animation, Action, Adventure, Fantasy, Sci-Fi",17845,2015-07-07,,,
346,tt0183790,2019-11-22,2019-11-22,,"Obłędny rycerz","A Knight's Tale",https://www.imdb.com/title/tt0183790/,Movie,7.0,132,2001,"Action, Adventure, Drama, Romance",214066,2001-09-07,"Brian Helgeland",,
347,tt0113627,2019-11-22,2019-11-22,,"Zostawić Las Vegas","Leaving Las Vegas",https://www.imdb.com/title/tt0113627/,Movie,7.5,111,1995,"Drama, Romance",142397,1996-04-12,"Mike Figgis",,
348,tt5727208,2020-01-02,2020-01-02,,"Nieoszlifowane diamenty","Uncut Gems",https://www.imdb.com/title/tt5727208/,Movie,7.4,135,2019,"Crime, Drama, Thriller",341356,2020-01-31,"Benny Safdie, Josh Safdie",,
349,tt8772262,2020-01-07,2020-01-07,,"Midsommar. W biały dzień","Midsommar",https://www.imdb.com/title/tt8772262/,Movie,7.1,148,2019,"Drama, Horror, Mystery, Thriller",463551,2019-07-05,"Ari Aster",,
350,tt7984734,2020-01-07,2020-01-07,,"Lighthouse","The Lighthouse",https://www.imdb.com/title/tt7984734/,Movie,7.4,109,2019,"Drama, Fantasy, Horror, Mystery, Thriller",290979,2019-11-29,"Robert Eggers",,
351,tt5311514,2020-02-06,2020-02-06,,"Twoje imię.","Kimi no Na wa.",https://www.imdb.com/title/tt5311514/,Movie,8.4,106,2016,"Animation, Drama, Fantasy, Romance",371807,2016-08-26,"Makoto Shinkai",,
352,tt6751668,2020-02-06,2020-02-06,,"Parasite","Gisaengchung",https://www.imdb.com/title/tt6751668/,Movie,8.5,132,2019,"Drama, Thriller",1105010,2019-09-20,"Bong Joon Ho",,
353,tt4048942,2020-03-22,2020-03-22,,"Wataha","Wataha",https://www.imdb.com/title/tt4048942/,TV Series,7.6,41,2014,"Action, Crime, Drama, Thriller",3471,2014-10-12,,,
354,tt0058604,2020-04-24,2020-04-24,,"Ja, Kuba","Soy Cuba",https://www.imdb.com/title/tt0058604/,Movie,8.2,141,1964,"Drama",11797,1964-10-26,"Mikhail Kalatozov",,
355,tt10919486,2020-05-24,2020-05-24,,"Kierunek: Noc","Into the Night",https://www.imdb.com/title/tt10919486/,TV Series,7.0,35,2020,"Drama, Sci-Fi, Thriller",38325,2020-05-01,,,
356,tt0117951,2020-05-25,2020-05-25,,"Trainspotting","Trainspotting",https://www.imdb.com/title/tt0117951/,Movie,8.1,93,1996,"Crime, Drama",757888,1996-11-29,"Danny Boyle",6,2013-03-01
357,tt0371257,2020-05-25,2020-05-25,,"Zostań","Stay",https://www.imdb.com/title/tt0371257/,Movie,6.7,99,2005,"Drama, Mystery, Thriller",91271,2006-03-24,"Marc Forster",,
358,tt5016504,2020-05-27,2020-05-27,,"Kaznodzieja","Preacher",https://www.imdb.com/title/tt5016504/,TV Series,7.9,60,2016,"Adventure, Comedy, Fantasy, Mystery",85840,2016-05-22,,,
359,tt2384811,2020-06-13,2020-06-13,,"Utopia","Utopia",https://www.imdb.com/title/tt2384811/,TV Series,8.4,50,2013,"Drama, Mystery, Sci-Fi, Thriller",54457,2013-01-15,,,
360,tt2948356,2020-06-19,2020-06-19,,"Zwierzogród","Zootopia",https://www.imdb.com/title/tt2948356/,Movie,8.0,108,2016,"Animation, Action, Adventure, Comedy, Crime, Family, Mystery",593827,2016-02-19,"Byron Howard, Rich Moore, Jared Bush",,
361,tt6905686,2020-08-26,2020-08-26,,"Kraina Lovecrafta","Lovecraft Country",https://www.imdb.com/title/tt6905686/,TV Series,7.1,60,2020,"Drama, Fantasy, Horror, Mystery, Sci-Fi, Thriller",49971,2020-08-17,,,
362,tt0795368,2020-10-10,2020-10-10,,"Zgon na pogrzebie","Death at a Funeral",https://www.imdb.com/title/tt0795368/,Movie,7.3,90,2007,"Comedy",126122,2007-11-23,"Frank Oz",,
363,tt10110418,2020-10-20,2020-10-20,,"Kutasssss","Snake Dick",https://www.imdb.com/title/tt10110418/,Short,6.0,8,2020,"Short, Fantasy, Horror",2055,2020-10-08,"David Mahmoudieh",,
364,tt0093010,2021-02-14,2021-02-14,,"Fatalne zauroczenie","Fatal Attraction",https://www.imdb.com/title/tt0093010/,Movie,6.9,119,1987,"Drama, Thriller",108221,1990-12-30,"Adrian Lyne",,
365,tt7222086,2021-03-18,2021-03-18,,"Wyprodukowano w Otchłani","Made in Abyss",https://www.imdb.com/title/tt7222086/,TV Series,8.3,,2017,"Animation, Action, Adventure, Drama, Fantasy, Horror, Mystery, Sci-Fi",19426,2017-07-07,,,
366,tt5865326,2021-05-11,2021-05-11,,"Pralnia","The Laundromat",https://www.imdb.com/title/tt5865326/,Movie,6.3,96,2019,"Comedy, Crime, Drama, History",56950,2019-10-18,"Steven Soderbergh",,
367,tt0118475,2021-06-05,2021-06-05,,"Spawn","Spawn",https://www.imdb.com/title/tt0118475/,TV Series,8.0,30,1997,"Animation, Action, Adventure, Crime, Drama, Fantasy, Horror, Mystery, Romance, Sci-Fi, Thriller",11181,1997-05-16,,,
368,tt9580138,2021-06-05,2021-06-05,,"Mortal Kombat Legends: Zemsta Skorpiona","Mortal Kombat Legends: Scorpion's Revenge",https://www.imdb.com/title/tt9580138/,Movie,7.4,80,2020,"Animation, Action, Adventure, Fantasy",20661,2020-04-12,"Ethan Spaulding",,
369,tt0082509,2021-06-05,2021-06-05,,"Heavy Metal","Heavy Metal",https://www.imdb.com/title/tt0082509/,Movie,6.6,86,1981,"Animation, Adventure, Fantasy, Sci-Fi",40681,1981-08-07,"Gerald Potterton, John Bruno, John Halas, Julian Harris, Jimmy T. Murakami, Barrie Nelson, Paul Sabella, Jack Stokes, Pino Van Lamsweerde, Harold Whitaker",,
370,tt2800240,2021-07-17,2021-07-17,,"Za jakie grzechy, dobry Boże?","Qu'est-ce qu'on a fait au bon Dieu?",https://www.imdb.com/title/tt2800240/,Movie,7.0,97,2014,"Comedy",47442,2014-11-14,"Philippe de Chauveron",,
371,tt0050825,2021-08-25,2021-08-25,,"Ścieżki chwały","Paths of Glory",https://www.imdb.com/title/tt0050825/,Movie,8.4,88,1957,"Drama, War",230875,1957-12-25,"Stanley Kubrick",,
372,tt0072684,2021-08-25,2021-08-25,,"Barry Lyndon","Barry Lyndon",https://www.imdb.com/title/tt0072684/,Movie,8.1,185,1975,"Adventure, Drama, War",197996,1975-12-18,"Stanley Kubrick",,
373,tt0054331,2021-08-25,2021-08-25,,"Spartakus","Spartacus",https://www.imdb.com/title/tt0054331/,Movie,7.9,197,1960,"Adventure, Biography, Drama, History, War",149638,1971-08,"Stanley Kubrick, Anthony Mann",,
374,tt0056193,2021-08-25,2021-08-25,,"Lolita","Lolita",https://www.imdb.com/title/tt0056193/,Movie,7.5,153,1962,"Crime, Drama, Romance",113963,1962-06-21,"Stanley Kubrick",,
375,tt9243804,2021-08-28,2021-08-28,,"Zielony Rycerz. Green Knight","The Green Knight",https://www.imdb.com/title/tt9243804/,Movie,6.6,130,2021,"Adventure, Drama, Fantasy",128006,2021-07-30,"David Lowery",,
376,tt8086718,2021-09-19,2021-09-19,,"Grand Blue Dreaming","Guran Buru",https://www.imdb.com/title/tt8086718/,TV Series,7.9,24,2018,"Animation, Adventure, Comedy, Drama",6048,2018-07-14,,,
377,tt4917066,2021-09-19,2021-09-19,,"Prison School","Kangoku gakuen",https://www.imdb.com/title/tt4917066/,TV Series,7.5,24,2015,"Animation, Comedy",9301,2015-07-11,,,
378,tt8633462,2021-09-21,2021-09-21,,"Aida","Quo Vadis, Aida?",https://www.imdb.com/title/tt8633462/,Movie,8.0,101,2020,"Drama, History, War",41128,2021-09-17,"Jasmila Zbanic",,
379,tt0096684,2021-09-25,2021-09-25,,"Zagubiony w czasie","Quantum Leap",https://www.imdb.com/title/tt0096684/,TV Series,8.2,60,1989,"Action, Adventure, Drama, Mystery, Sci-Fi",38614,1989-03-26,,,
380,tt0387131,2021-10-10,2021-10-10,,"Wierny ogrodnik","The Constant Gardener",https://www.imdb.com/title/tt0387131/,Movie,7.3,129,2005,"Drama, Mystery, Romance, Thriller",154062,2005-10-21,"Fernando Meirelles",,
381,tt7660970,2021-12-22,2021-12-22,,"Na wodach północy","The North Water",https://www.imdb.com/title/tt7660970/,TV Series,7.6,300,2021,"Adventure, Drama, Mystery",18523,2021-11-05,,,
382,tt14834542,2022-03-19,2022-03-19,,"Teściowie","Tesciowie",https://www.imdb.com/title/tt14834542/,Movie,7.1,82,2021,"Comedy, Drama",2386,2021-09-10,"Jakub Michalczuk",,
383,tt14331144,2022-03-22,2022-03-22,,"Jujutsu Kaisen 0: The Movie","Gekijô-ban Jujutsu Kaisen Zero",https://www.imdb.com/title/tt14331144/,Movie,7.8,105,2021,"Animation, Action, Fantasy",53744,2022-05-20,"Sunghoo Park",,
384,tt0232012,2022-03-22,2022-03-22,,"Lupo the Butcher","Lupo the Butcher",https://www.imdb.com/title/tt0232012/,Short,5.9,3,1987,"Short, Animation, Comedy",313,1987-07-10,"Danny Antonucci",,
385,tt10366460,2022-03-28,2022-03-28,,"CODA","CODA",https://www.imdb.com/title/tt10366460/,Movie,8.0,111,2021,"Comedy, Drama, Music",182633,2021-08-13,"Sian Heder",,
386,tt1185616,2022-04-04,2022-04-04,,"Walc z Baszirem","Vals Im Bashir",https://www.imdb.com/title/tt1185616/,Movie,8.0,90,2008,"Documentary, Animation, Biography, Drama, History, Mystery, War",62121,2009-04-03,"Ari Folman",,
387,tt12343534,2022-04-06,2022-04-06,,"Jujutsu kaisen","Jujutsu Kaisen",https://www.imdb.com/title/tt12343534/,TV Series,8.5,24,2020,"Animation, Action, Adventure, Fantasy, Thriller",167869,2020-10-02,,,
388,tt0185125,2022-04-10,2022-04-10,,"Wszystko o mojej matce","Todo sobre mi madre",https://www.imdb.com/title/tt0185125/,Movie,7.8,101,1999,"Comedy, Drama, Romance",108034,1999-10-01,"Pedro Almodóvar",,
389,tt0073580,2022-04-10,2022-04-10,,"Zawód: reporter","Professione: reporter",https://www.imdb.com/title/tt0073580/,Movie,7.4,126,1975,"Drama, Thriller",28146,1976-09-13,"Michelangelo Antonioni",,
390,tt1164999,2022-04-10,2022-04-10,,"Biutiful","Biutiful",https://www.imdb.com/title/tt1164999/,Movie,7.4,148,2010,"Drama, Romance",97031,2011-10-28,"Alejandro G. Iñárritu",,
391,tt6436726,2022-04-10,2022-04-10,,"7500","7500",https://www.imdb.com/title/tt6436726/,Movie,6.3,93,2019,"Drama, Thriller",35781,2020-06-18,"Patrick Vollrath",,
392,tt19064880,2022-04-18,2022-04-18,,"The Batman: Deleted Arkham Scene","The Batman: Deleted Arkham Scene",https://www.imdb.com/title/tt19064880/,Video,8.2,5,2022,"Short, Crime, Drama, Thriller",16885,2022-03-23,,,
393,tt0073650,2022-05-31,2022-05-31,,"Salò, czyli 120 dni Sodomy","Salò o le 120 giornate di Sodoma",https://www.imdb.com/title/tt0073650/,Movie,5.8,117,1975,"Drama",70777,1976-01-10,"Pier Paolo Pasolini",,
394,tt0065622,2022-05-31,2022-05-31,,"Dekameron","Il Decameron",https://www.imdb.com/title/tt0065622/,Movie,7.0,111,1971,"Comedy, Drama, History, Romance",13334,1971-10-29,"Pier Paolo Pasolini",,
395,tt6857112,2022-06-13,2022-06-13,,"To my","Us",https://www.imdb.com/title/tt6857112/,Movie,6.8,116,2019,"Horror, Mystery, Thriller",378610,2019-03-22,"Jordan Peele",,
396,tt0348914,2022-09-05,2022-09-05,,"Deadwood","Deadwood",https://www.imdb.com/title/tt0348914/,TV Series,8.6,60,2004,"Crime, Drama, History, Western",125651,2004-03-21,,,
397,tt0098936,2022-09-05,2022-09-05,,"Miasteczko Twin Peaks","Twin Peaks",https://www.imdb.com/title/tt0098936/,TV Series,8.7,50,1990,"Crime, Drama, Mystery, Thriller",237572,1991-03-09,,,
398,tt1861505,2022-09-05,2022-09-05,,"Bez tajemnic","Bez tajemnic",https://www.imdb.com/title/tt1861505/,TV Series,7.5,45,2011,"Drama",150,2011-10-17,,,
399,tt0117477,2022-09-07,2022-09-07,,"Śmieszność","Ridicule",https://www.imdb.com/title/tt0117477/,Movie,7.3,102,1996,"Comedy, Drama, History, Romance",8471,1997-06-06,"Patrice Leconte",,
400,tt2049116,2022-09-11,2022-09-11,,"Gomorra","Gomorrah",https://www.imdb.com/title/tt2049116/,TV Series,8.6,45,2014,"Crime, Drama, Thriller",48347,2014-05-06,,,
401,tt5099020,2022-09-11,2022-09-11,,"Złote życie","Aranyélet",https://www.imdb.com/title/tt5099020/,TV Series,8.7,60,2015,"Action, Crime, Drama, Thriller",8939,2015-11-08,,,
402,tt0110932,2022-11-29,2022-11-29,,"Quiz Show","Quiz Show",https://www.imdb.com/title/tt0110932/,Movie,7.5,133,1994,"Biography, Drama, History",76352,1995-02-24,"Robert Redford",,
403,tt0096283,2022-12-11,2022-12-11,,"Mój sąsiad Totoro","Tonari no Totoro",https://www.imdb.com/title/tt0096283/,Movie,8.1,86,1988,"Animation, Adventure, Comedy, Family, Fantasy",417744,1988-04-16,"Hayao Miyazaki",,
404,tt11198330,2022-12-29,2022-12-29,,"Ród smoka","House of the Dragon",https://www.imdb.com/title/tt11198330/,TV Series,8.3,60,2022,"Action, Adventure, Drama, Fantasy, Romance",490992,2022-08-22,,,
405,tt11280740,2022-12-29,2022-12-29,,"Rozdzielenie","Severance",https://www.imdb.com/title/tt11280740/,TV Series,8.7,50,2022,"Drama, Mystery, Sci-Fi, Thriller",347923,2022-02-18,,,
406,tt11138512,2023-01-07,2023-01-07,,"Wiking","The Northman",https://www.imdb.com/title/tt11138512/,Movie,7.0,137,2022,"Action, Adventure, Drama, Fantasy, History, Thriller",288223,2022-04-22,"Robert Eggers",,
407,tt13204490,2023-01-07,2023-01-07,,"Mała mama","Petite maman",https://www.imdb.com/title/tt13204490/,Movie,7.4,73,2021,"Drama, Fantasy",20061,2022-05-20,"Céline Sciamma",,
408,tt13453006,2023-01-07,2023-01-07,,"Red Rocket","Red Rocket",https://www.imdb.com/title/tt13453006/,Movie,7.1,130,2021,"Comedy, Drama, Romance",41183,2022-03-11,"Sean Baker",,
409,tt15445056,2023-01-07,2023-01-07,,"Athena","Athena",https://www.imdb.com/title/tt15445056/,Movie,6.8,99,2022,"Action, Drama, Thriller",24717,2022-09-23,"Romain Gavras",,
410,tt1016150,2023-01-07,2023-01-07,,"Na Zachodzie bez zmian","Im Westen nichts Neues",https://www.imdb.com/title/tt1016150/,Movie,7.8,148,2022,"Drama, History, War",283971,2022-10-28,"Edward Berger",,
411,tt10168670,2023-01-07,2023-01-07,,"Do ostatniej kości","Bones and All",https://www.imdb.com/title/tt10168670/,Movie,6.8,131,2022,"Drama, Horror, Romance",68967,2022-11-25,"Luca Guadagnino",,
412,tt14176542,2023-03-29,2023-03-29,,"Bardo, fałszywa kronika garści prawd","Bardo, falsa crónica de unas cuantas verdades",https://www.imdb.com/title/tt14176542/,Movie,6.7,159,2022,"Comedy, Drama",16068,2022-10-27,"Alejandro G. Iñárritu",,
413,tt0119177,2023-03-29,2023-03-29,,"Gattaca - szok przyszłości","Gattaca",https://www.imdb.com/title/tt0119177/,Movie,7.7,106,1997,"Drama, Sci-Fi, Thriller",340261,1997-10-24,"Andrew Niccol",,
414,tt2625598,2023-04-10,2023-04-10,,"Living on One Dollar","Living on One Dollar",https://www.imdb.com/title/tt2625598/,Movie,7.3,56,2013,"Documentary, Adventure, Drama",4923,2013-04-13,"Zach Ingrasci, Sean Leonard, Chris Temple",,
415,tt0287815,2023-04-23,2023-04-23,,"Żółty szalik","Zólty szalik",https://www.imdb.com/title/tt0287815/,TV Movie,7.4,59,2000,"Drama",907,2000-12-20,"Janusz Morgenstern",,
416,tt4901306,2023-04-23,2023-04-23,,"Dobrze się kłamie w miłym towarzystwie","Perfetti sconosciuti",https://www.imdb.com/title/tt4901306/,Movie,7.7,96,2016,"Comedy, Drama, Thriller",75728,2017-01-06,"Paolo Genovese",,
417,tt1870479,2023-04-28,2023-04-28,,"Newsroom","The Newsroom",https://www.imdb.com/title/tt1870479/,TV Series,8.6,60,2012,"Drama",132285,2012-07-16,,,
418,tt6718170,2023-05-29,2023-05-29,,"Super Mario Bros: Film","The Super Mario Bros. Movie",https://www.imdb.com/title/tt6718170/,Movie,7.0,92,2023,"Animation, Adventure, Comedy, Family, Fantasy",277010,2023-05-26,"Aaron Horvath, Michael Jelenic, Pierre Leduc, Fabien Polack",,
419,tt1526318,2023-06-12,2023-06-12,,"Rząd","Borgen",https://www.imdb.com/title/tt1526318/,TV Series,8.5,58,2010,"Drama",31838,2020-06-22,,,
420,tt9362722,2023-06-19,2023-06-19,,"Spider-Man: Poprzez multiwersum","Spider-Man: Across the Spider-Verse",https://www.imdb.com/title/tt9362722/,Movie,8.5,140,2023,"Animation, Action, Adventure, Family, Fantasy, Sci-Fi",483671,2023-06-02,"Joaquim Dos Santos, Kemp Powers, Justin K. Thompson",,
421,tt10986410,2023-06-19,2023-06-19,,"Ted Lasso","Ted Lasso",https://www.imdb.com/title/tt10986410/,TV Series,8.8,30,2020,"Comedy, Drama, Sport",418262,2020-08-14,,,
422,tt0120663,2023-07-15,2023-07-15,,"Oczy szeroko zamknięte","Eyes Wide Shut",https://www.imdb.com/title/tt0120663/,Movie,7.5,159,1999,"Drama, Mystery, Thriller",408860,1999-11-26,"Stanley Kubrick",,
423,tt14688458,2023-07-17,2023-07-17,,"Silos","Silo",https://www.imdb.com/title/tt14688458/,TV Series,8.1,49,2023,"Drama, Mystery, Sci-Fi",196541,2023-05-05,,,
424,tt14261112,2023-07-30,2023-07-30,,"Twisted Metal","Twisted Metal",https://www.imdb.com/title/tt14261112/,TV Series,7.3,30,2023,"Action, Adventure, Comedy, Drama, Fantasy, Sci-Fi, Sport, Thriller",37390,2023-09-06,,,
425,tt14444726,2023-08-10,2023-08-10,,"Tár","Tár",https://www.imdb.com/title/tt14444726/,Movie,7.4,158,2022,"Drama, Music",106367,2022-10-28,"Todd Field",,
426,tt14269590,2023-08-22,2023-08-22,,"Poker Face","Poker Face",https://www.imdb.com/title/tt14269590/,TV Series,7.8,58,2023,"Comedy, Crime, Drama, Mystery",64701,2023-01-26,,,
427,tt10155688,2023-08-22,2023-08-22,,"Mare z Easttown","Mare of Easttown",https://www.imdb.com/title/tt10155688/,TV Mini Series,8.4,60,2021,"Crime, Drama, Mystery",211563,2021-04-19,,,
428,tt9815454,2023-08-22,2023-08-22,,"Unorthodox","Unorthodox",https://www.imdb.com/title/tt9815454/,TV Mini Series,8.0,50,2020,"Drama",97526,2020-03-26,,,
429,tt8134186,2023-08-22,2023-08-22,,"Devs","Devs",https://www.imdb.com/title/tt8134186/,TV Mini Series,7.6,51,2020,"Drama, Mystery, Sci-Fi, Thriller",55182,2020-03-05,,,
430,tt0427954,2023-09-09,2023-09-09,,"Obrońca","Tom yum goong",https://www.imdb.com/title/tt0427954/,Movie,7.0,111,2005,"Action, Crime, Drama, Thriller",40175,2005-08-11,"Prachya Pinkaew",,
431,tt0225535,2023-09-15,2023-09-15,,"Dług","Dlug",https://www.imdb.com/title/tt0225535/,Movie,7.8,106,1999,"Drama, Crime, Thriller",4077,1999-11-19,"Krzysztof Krauze",,
432,tt0804484,2023-09-28,2023-09-28,,"Fundacja","Foundation",https://www.imdb.com/title/tt0804484/,TV Series,7.6,60,2021,"Drama, Sci-Fi",119485,2021-09-24,,,
433,tt13111078,2023-10-09,2023-10-09,,"Lioness","Lioness",https://www.imdb.com/title/tt13111078/,TV Series,7.8,42,2023,"Action, Drama, Thriller",79798,2023-07-23,,,
434,tt0120669,2023-10-22,2023-10-22,,"Las Vegas Parano","Fear and Loathing in Las Vegas",https://www.imdb.com/title/tt0120669/,Movie,7.5,118,1998,"Adventure, Comedy, Drama",314194,1999-10-29,"Terry Gilliam",,
435,tt19854762,2023-11-01,2023-11-01,,"W powietrzu","Hijack",https://www.imdb.com/title/tt19854762/,TV Series,7.4,47,2023,"Drama, Thriller",82336,2023-06-28,,,
436,tt6628394,2023-11-11,2023-11-11,,"Źle się dzieje w El Royale","Bad Times at the El Royale",https://www.imdb.com/title/tt6628394/,Movie,7.1,141,2018,"Crime, Drama, Mystery, Thriller",175397,2018-10-12,"Drew Goddard",,
437,tt0056172,2023-11-11,2023-11-11,,"Lawrence z Arabii","Lawrence of Arabia",https://www.imdb.com/title/tt0056172/,Movie,8.3,227,1962,"Adventure, Biography, Drama, War",334229,1962-12-11,"David Lean",,
438,tt13287846,2023-11-24,2023-11-24,,"Napoleon","Napoleon",https://www.imdb.com/title/tt13287846/,Movie,6.3,158,2023,"Action, Adventure, Biography, Drama, History, War",178917,2023-11-24,"Ridley Scott",,
439,tt0094625,2023-12-18,2023-12-18,,"Akira","Akira",https://www.imdb.com/title/tt0094625/,Movie,8.0,124,1988,"Animation, Action, Drama, Fantasy, Sci-Fi",220335,1988-07-16,"Katsuhiro Ôtomo",,
440,tt0373732,2023-12-22,2023-12-22,,"The Boondocks","The Boondocks",https://www.imdb.com/title/tt0373732/,TV Series,8.5,22,2005,"Animation, Action, Comedy, Drama",39621,2022-12-20,,,
441,tt13309742,2023-12-25,2023-12-25,,"Niebieskooki samuraj","Blue Eye Samurai",https://www.imdb.com/title/tt13309742/,TV Series,8.7,45,2023,"Animation, Action, Adventure, Drama, History, Thriller",96674,2023-11-03,,,
442,tt15567174,2023-12-27,2023-12-27,,"Zagłada domu Usherów","The Fall of the House of Usher",https://www.imdb.com/title/tt15567174/,TV Mini Series,7.9,60,2023,"Drama, Horror, Mystery",129459,2023-10-12,,,
443,tt13911628,2023-12-27,2023-12-27,,"Lekcje chemii","Lessons in Chemistry",https://www.imdb.com/title/tt13911628/,TV Mini Series,8.2,48,2023,"Drama",51733,2023-10-13,,,
444,tt12618926,2023-12-27,2023-12-27,,"Matki równoległe","Madres paralelas",https://www.imdb.com/title/tt12618926/,Movie,7.1,123,2021,"Drama",39350,2022-02-18,"Pedro Almodóvar",,
445,tt5537002,2023-12-29,2023-12-29,,"Czas krwawego księżyca","Killers of the Flower Moon",https://www.imdb.com/title/tt5537002/,Movie,7.5,206,2023,"Crime, Drama, History, Western",291659,2023-10-20,"Martin Scorsese",,
446,tt10640346,2023-12-29,2023-12-29,,"Babilon","Babylon",https://www.imdb.com/title/tt10640346/,Movie,7.1,189,2022,"Comedy, Drama",198993,2023-01-20,"Damien Chazelle",,
447,tt1136617,2024-02-16,2024-02-16,,"Zabójca","The Killer",https://www.imdb.com/title/tt1136617/,Movie,6.7,118,2023,"Action, Adventure, Crime, Drama, Thriller",216078,2023-11-10,"David Fincher",,
448,tt22207786,2024-02-16,2024-02-16,,"Czerwone pokoje","Les chambres rouges",https://www.imdb.com/title/tt22207786/,Movie,7.1,118,2023,"Crime, Horror, Mystery, Thriller",18277,2024-01-17,"Pascal Plante",,
449,tt14561712,2024-02-16,2024-02-16,,"La chimera","La chimera",https://www.imdb.com/title/tt14561712/,Movie,7.3,131,2023,"Adventure, Comedy, Drama, Romance",19415,2024-01-19,"Alice Rohrwacher",,
450,tt13651794,2024-02-16,2024-02-16,,"Obsesja","May December",https://www.imdb.com/title/tt13651794/,Movie,6.7,117,2023,"Drama",70865,2024-02-02,"Todd Haynes",,
451,tt18162096,2024-02-16,2024-02-16,,"Nie obiecujcie sobie zbyt wiele po końcu świata","Nu astepta prea mult de la sfârsitul lumii",https://www.imdb.com/title/tt18162096/,Movie,7.4,163,2023,"Comedy, Drama",5645,2024-09-27,"Radu Jude",,
452,tt14230458,2024-02-23,2024-02-23,,"Biedne istoty","Poor Things",https://www.imdb.com/title/tt14230458/,Movie,7.8,141,2023,"Comedy, Drama, Romance, Sci-Fi",355335,2024-01-19,"Yorgos Lanthimos",,
453,tt2076220,2024-03-30,2024-03-30,,"Holy Motors","Holy Motors",https://www.imdb.com/title/tt2076220/,Movie,7.0,115,2012,"Drama, Fantasy",50686,2013-01-11,"Leos Carax",,
454,tt4288182,2024-04-14,2024-04-14,,"Atlanta","Atlanta",https://www.imdb.com/title/tt4288182/,TV Series,8.6,30,2016,"Comedy, Drama, Music",96098,2016-09-22,,,
455,tt4299972,2024-05-27,2024-05-27,,"Przeklęty: Życie i śmierci Roberta Dursta","The Jinx: The Life and Deaths of Robert Durst",https://www.imdb.com/title/tt4299972/,TV Series,8.6,45,2015,"Documentary, Biography, Crime, Mystery",57277,2015-07-25,,,
456,tt0110006,2024-07-13,2024-07-13,,"Waga ciężka","Heavyweights",https://www.imdb.com/title/tt0110006/,Movie,6.6,97,1995,"Comedy, Drama, Family, Sport",32570,1995-02-17,"Steven Brill",,
457,tt5742374,2024-09-30,2024-09-30,,"Nigdy cię tu nie było","You Were Never Really Here",https://www.imdb.com/title/tt5742374/,Movie,6.7,89,2017,"Crime, Drama, Thriller",133269,2018-04-13,"Lynne Ramsay",,
458,tt27911000,2024-10-12,2024-10-12,,"Terrifier 3","Terrifier 3",https://www.imdb.com/title/tt27911000/,Movie,6.3,125,2024,"Horror",56280,2024-10-11,"Damien Leone",,
459,tt8425532,2024-11-18,2024-11-18,,"Pennyworth","Pennyworth",https://www.imdb.com/title/tt8425532/,TV Series,7.8,60,2019,"Action, Crime, Drama",19337,2019-07-28,,,
460,tt22375054,2024-12-14,2024-12-14,,"Strange Darling","Strange Darling",https://www.imdb.com/title/tt22375054/,Movie,7.0,97,2023,"Horror, Thriller",62217,2024-08-30,"JT Mollner",,
461,tt29578220,2024-12-15,2024-12-15,,"National Theatre Live: Vanya","National Theatre Live: Vanya",https://www.imdb.com/title/tt29578220/,Movie,8.5,122,2024,"Drama",1138,2024-02-22,"Sam Yates",,
462,tt0043014,2025-01-02,2025-01-02,,"Bulwar Zachodzącego Słońca","Sunset Blvd.",https://www.imdb.com/title/tt0043014/,Movie,8.4,110,1950,"Drama, Film-Noir",253144,1957,"Billy Wilder",,
463,tt5040012,2025-01-10,2025-01-10,,"Nosferatu","Nosferatu",https://www.imdb.com/title/tt5040012/,Movie,7.2,132,2024,"Fantasy, Horror, Mystery",238420,2025-02-21,"Robert Eggers",,
464,tt3355694,2025-01-19,2025-01-19,,"Death Note Rewrite: Genshisuru Kami","Death Note Rewrite: Genshisuru Kami",https://www.imdb.com/title/tt3355694/,TV Movie,7.4,131,2007,"Animation, Crime, Drama, Mystery, Thriller",1856,2007-08-31,"Tetsurô Araki",,
465,tt8999762,2025-02-01,2025-02-01,,"Brutalista","The Brutalist",https://www.imdb.com/title/tt8999762/,Movie,7.3,216,2024,"Drama",105780,2025-01-31,"Brady Corbet",,
466,tt18412256,2025-02-11,2025-02-11,,"Obcy: Romulus","Alien: Romulus",https://www.imdb.com/title/tt18412256/,Movie,7.1,119,2024,"Horror, Sci-Fi, Thriller",269098,2024-08-15,"Fede Alvarez",,
467,tt0462200,2025-04-09,2025-04-09,,"Jęk czarnego węża","Black Snake Moan",https://www.imdb.com/title/tt0462200/,Movie,6.9,116,2006,"Drama, Music",68124,2007-03-02,"Craig Brewer",,
